id,user_id,screen_name,source,created_at,retweet_count,favorite_count,text,in_reply_to_screen_name,in_reply_to_status_id,retweeted_status_id,retweeted_status_user_id,retweeted_status_screen_name
627126484935774208,2433737761,rephastingsfl,Twitter Web Client,2015-07-31 14:39:40,196,0,"RT @RepTerriSewell: Our vote is our voice, and no voice should be silenced. #RestoreTheVRA http://t.co/vd5ciSlJ6f",,,627123820491616256,381152398,RepTerriSewell
627100247882338304,2433737761,rephastingsfl,Twitter Web Client,2015-07-31 12:55:24,0,0,I was deeply saddened to hear of the horrific stabbing attack at #JerusalemPride. My thoughts are with the victims and their families.,,,,,
626775701300084736,2433737761,rephastingsfl,Twitter Web Client,2015-07-30 15:25:46,3,3,More than 800k Floridians would qualify for #Medicaid under expansion. #MedicareMedicaid50 http://t.co/agfZJqG67o,,,,,
626775411687424000,2433737761,rephastingsfl,Twitter Web Client,2015-07-30 15:24:37,1,4,Happy 50th Anniversary #Medicare and #Medicaid! #MedicareMedicaid50 #KeepingUSHealthy,,,,,
626118272040079360,2433737761,rephastingsfl,Twitter Web Client,2015-07-28 19:53:23,1,3,Celebrating 50 years of Medicare and Medicaid. Nobody should have to choose between poverty and health care. #Medicare50 #Medicaid50,,,,,
626116513116876800,2433737761,rephastingsfl,Twitter Web Client,2015-07-28 19:46:24,1,0,"This morning, I met with IDF General Michael Herzog (ret.) to discuss the Iran deal. http://t.co/CiotYsOsC3",,,,,
626112174528708608,2433737761,rephastingsfl,Twitter Web Client,2015-07-28 19:29:09,0,0,"If #IranDeal takes effect, I urge the President to appoint a military official to oversee it http://t.co/GU1jJ5ZBHB",,,,,
626032327681048576,2433737761,rephastingsfl,Twitter Web Client,2015-07-28 14:11:52,142,0,RT @RepGaramendi: .@HouseDemocrats are fighting for robust &amp; long-term investment in our infrastructure. #RepublicanRoadblock must end. htt…,,,625999193698480128,88806753,RepGaramendi
624579620751441920,2433737761,rephastingsfl,Twitter Web Client,2015-07-24 13:59:20,107,0,"RT @RepCicilline: LGBT equality is the next chapter in the fight for civil rights, and it's time to write it in the books of law. #Equality…",,,624571087855202304,462143773,RepCicilline
624284408137261057,2433737761,rephastingsfl,Twitter Web Client,2015-07-23 18:26:16,7,10,No one should face discrimination because of their sexual orientation. Proud to cosponsor the Equality Act to change this. #EqualityForward,,,,,
624219022800785408,2433737761,rephastingsfl,Twitter Web Client,2015-07-23 14:06:27,109,0,RT @HispanicCaucus: .@HouseGOP nearly shut down Homeland Security -- now wants to pass #DonaldTrumpAct that demonizes immigrants &amp; harms lo…,,,624193183455518720,33530012,HispanicCaucus
623852124473049088,2433737761,rephastingsfl,Twitter Web Client,2015-07-22 13:48:31,124,0,RT @RepBecerra: .@HouseGOP is trying to demonize &amp; criminalize immigrants w #DonaldTrumpAct. That's their cover for failing to pass #CIR,,,623841514872012800,133832049,RepBecerra
623157497579311104,2433737761,rephastingsfl,Twitter Web Client,2015-07-20 15:48:19,186,0,RT @louiseslaughter: Join me in continuing the call from #SenecaFalls that all men -- and women -- are created equal. #WomenSucceed http://…,,,623128888848326656,63169388,louiseslaughter
621393475704090624,2433737761,rephastingsfl,Twitter Web Client,2015-07-15 18:58:44,0,0,"""No taxpayer money would be used for this effort."" - @PeteSessions // So, why is @HouseGOP pulling Breast Cancer Awareness Coin Act?",,,,,
621308190559444992,2433737761,rephastingsfl,Twitter Web Client,2015-07-15 13:19:50,87,0,RT @repjoecrowley: .@SpeakerBoehner don't let the most radical voices of the @HouseGOP defeat moral progress. #TakeItDown http://t.co/GQBKs…,,,621293525632684032,111635980,repjoecrowley
620985347460173824,2433737761,rephastingsfl,Twitter Web Client,2015-07-14 15:56:58,83,0,"RT @keithellison: Ex-Im Bank has received support of last 13 Presidents -- including Reagan, HW Bush &amp; GW Bush. Let's pass #ExIm4Jobs! http…",,,620925752641372160,14135426,keithellison
620660135371870211,2433737761,rephastingsfl,Twitter Web Client,2015-07-13 18:24:42,483,0,"RT @repjohnlewis: Racism is a disease. We must free ourselves of the way of hate, the way of violence, the way of division. We’re not there…",,,619568616028004352,29450962,repjohnlewis
619546801155231744,2433737761,rephastingsfl,Twitter Web Client,2015-07-10 16:40:42,1,1,Outraged that the Senate wants to cut $52 million from the Minority #AIDS Initiative Program.  #EndTheEpidemic,,,,,
619545514481176576,2433737761,rephastingsfl,Twitter Web Client,2015-07-10 16:35:35,2,2,Historic day in South Carolina. Now @HouseGOP must remove from US Capitol these emblems that represent hatred &amp; racism! #TakeItDown,,,,,
619518446947160065,2433737761,rephastingsfl,Twitter Web Client,2015-07-10 14:48:02,126,0,RT @RepRichmond: Symbols of hatred &amp; division have no place in our Capitol. State Confederate Battle Flags must go. @HouseDemocrats stand u…,,,619484157601779712,267854863,RepRichmond
619154336686305280,2433737761,rephastingsfl,Twitter Web Client,2015-07-09 14:41:11,260,0,RT @Clyburn: Today @HouseGOP bringing up vote to support #ConfederateFlag. @HouseDems stand w Charleston against this painful symbol of hat…,,,619134580017205249,188019606,Clyburn
618786426738581504,2433737761,rephastingsfl,Twitter Web Client,2015-07-08 14:19:15,133,0,RT @repbobbyscott: Congress must act to close the achievement gap. #HR5 gets it wrong. We must keep the needs of all of our children the re…,,,618769078195499008,161791703,repbobbyscott
617360915449675780,2433737761,rephastingsfl,Twitter Web Client,2015-07-04 15:54:46,0,1,"As we celebrate this July 4th, let us remember our service members, veterans and their families! Happy #IndependenceDay!",,,,,
617360554378817536,2433737761,rephastingsfl,Twitter Web Client,2015-07-04 15:53:20,145,0,"RT @NancyPelosi: Celebrating health independence &amp; marriage equality this July 4th! SCOTUS wins honor Founders' ideals: life, liberty &amp; pur…",,,616947258127466496,15764644,NancyPelosi
616659341366702080,2433737761,rephastingsfl,Twitter Web Client,2015-07-02 17:26:58,1,0,RT if you agree: Workers deserve to be paid for the time they put in. Glad @POTUS is fighting to #FixOvertime for hard-working Americans!,,,,,
615883831808290816,2433737761,rephastingsfl,Twitter Web Client,2015-06-30 14:05:22,164,0,RT @MaxineWaters: #ExIm4Jobs' charter expires at midnight because of @HouseGOP inaction. Latest #GOPshutdown will cost American jobs &amp; hurt…,,,615865214827933696,36686040,MaxineWaters
614807091375681536,2433737761,rephastingsfl,Twitter for iPad,2015-06-27 14:46:47,0,3,"Today is National #HIV Testing Day.  Take the test, take control. #KnowYourStatus",,,,,
614540672272605184,2433737761,rephastingsfl,Twitter Web Client,2015-06-26 21:08:08,2,4,Today’s #SCOTUS ruling in Obergefell v. Hodges will make the world a better place. #MarriageEquaility http://t.co/vbywrscqk7,,,,,
614179710889787392,2433737761,rephastingsfl,Twitter Web Client,2015-06-25 21:13:48,3,9,Proud to support states removing Confederate Battle Flag #ConfederateTakeDown,,,,,
614098085313179648,2433737761,rephastingsfl,Twitter Web Client,2015-06-25 15:49:27,1,1,Congress must #RestoreTheVRA,,,,,
613843976991436800,2433737761,rephastingsfl,Twitter Web Client,2015-06-24 22:59:43,0,1,@HouseGOP brinksmanship is harming our economy. Let’s stop the games &amp; show support for US jobs and biz. #HoldAVote http://t.co/AnCjk1sZFY,HouseGOP,,,,
613755291126104064,2433737761,rephastingsfl,Twitter Web Client,2015-06-24 17:07:19,80,0,RT @repsandylevin: .@SpeakerBoehner don't shut down the job creating Ex-Im Bank. RT if you agree: We should pass #ExIm4jobs immediately! ht…,,,613699417821081600,25781141,repsandylevin
613445480815661056,2433737761,rephastingsfl,Twitter Web Client,2015-06-23 20:36:14,2,3,"Let’s train, recruit &amp; retain a workforce that represents our nation. #TECHdiversity http://t.co/tA7PEE91Jo",,,,,
613391928990810116,2433737761,rephastingsfl,Twitter Web Client,2015-06-23 17:03:26,0,0,Just 3 legislative days left to renew Ex-Im Bank. Will @HouseGOP's dysfunction bring US ANOTHER shutdown? #ExIm4Jobs http://t.co/lDZcqXtzsb,,,,,
612277758144741376,2433737761,rephastingsfl,Twitter Web Client,2015-06-20 15:16:07,1,2,Today is #WorldRefugeeDay. Learn more @ http://t.co/zgxR2fWjRC http://t.co/Hlitf6a2ie,,,,,
611600125123805184,2433737761,rephastingsfl,Twitter Web Client,2015-06-18 18:23:27,5,3,My thoughts and prayers are with the Emanuel A.M.E congregation and all of #Charleston.,,,,,
611229243775823873,2433737761,rephastingsfl,Twitter Web Client,2015-06-17 17:49:42,1,0,"Job creating Ex-Im Bank’s charter expires in just 5 legislative days. @SpeakerBoehner, what's your plan? #ExIm4Jobs http://t.co/wgN2RSBINn",,,,,
610815891756945409,2433737761,rephastingsfl,Twitter Web Client,2015-06-16 14:27:11,83,0,RT @RepBeatty: RT if you agree: @HouseGOP should allow vote to reauthorize the job creating Ex-Im Bank immediately. #ExIm4Jobs http://t.co/…,,,610787688661151745,1531521632,RepBeatty
609367437193146368,2433737761,rephastingsfl,Twitter Web Client,2015-06-12 14:31:33,15,14,"Today, Anne Frank would have been 86 years old. #Imagine her life in a world without hate. #AnneFrankDay http://t.co/OrIlaqXrOi",,,,,
609087634380587008,2433737761,rephastingsfl,Twitter Web Client,2015-06-11 19:59:42,6,7,Today I introduced the Highways BEE Act – to cultivate pollinator habitats along our highways to strengthen their struggling populations,,,,,
609045092708528129,2433737761,rephastingsfl,Twitter Web Client,2015-06-11 17:10:40,2,2,Congress must invest long-term in the safety of our highways &amp; bridges. It's time to end the #RepublicanRoadblock http://t.co/IJmxcF9Epo,,,,,
608699112398159872,2433737761,rephastingsfl,Twitter Web Client,2015-06-10 18:15:52,9,6,"52 yrs after JFK signed #EqualPay Act, women still make 78 cents to man’s dollar. RT if you agree this is wrong! #EqualPay #womensucceed",,,,,
606829729614823424,2433737761,rephastingsfl,Twitter Web Client,2015-06-05 14:27:36,43,0,RT @RepMaloney: Ex-Im Bank sustained 164K export-related US jobs last year. 12 legislative days left to renew its charter &amp; GOP has yet to …,,,606817257386332160,258900199,RepMaloney
606522949819088896,2433737761,rephastingsfl,Twitter Web Client,2015-06-04 18:08:34,1022,0,RT @WhiteHouse: FACT: States refusing to expand Medicaid through the ACA are leaving 4.3 million uninsured → http://t.co/yspWD1vvKm http://…,,,606473679682203649,30313925,WhiteHouse
606153991068778497,2433737761,rephastingsfl,Twitter Web Client,2015-06-03 17:42:27,76,0,"RT @JoaquinCastrotx: Ex-Im Bank helps level the playing field for American workers &amp; American businesses, big and small. Let's renew its ch…",,,606077376938811393,231510077,JoaquinCastrotx
605842750462779392,2433737761,rephastingsfl,Twitter Web Client,2015-06-02 21:05:42,3,1,Today is National Gun Violence Awareness Day. Join me in supporting an end to senseless gun deaths. #WearingOrange http://t.co/1N46jDQUQa,,,,,
602872028283154432,2433737761,rephastingsfl,Twitter Web Client,2015-05-25 16:21:07,6,4,Let us honor the members of our armed forces who have fought and died in defense of our country. #MemorialDay http://t.co/7NmbWWxgXL,,,,,
601758829727129601,2433737761,rephastingsfl,Twitter Web Client,2015-05-22 14:37:39,103,0,"RT @NitaLowey: .@HouseGOP, Americans are tired of being governed by manufactured crisis. Let's renew Highway Trust Fund long-term. http://t…",,,601731545783791617,221792092,NitaLowey
601756660823158784,2433737761,rephastingsfl,Twitter Web Client,2015-05-22 14:29:02,2,1,Proud to support @LantosFndn #SolidaritySabbath.  Today let us recommit ourselves to the fight against anti-Semitism. http://t.co/g4x82qkhf4,,,,,
601120134619656192,2433737761,rephastingsfl,Twitter Web Client,2015-05-20 20:19:43,15,13,"After spending the day with Ke’Onda Johnson, I am more committed than ever to ensuring every child has a loving family. #FosterYouthVoices",,,,,
601021304242864128,2433737761,rephastingsfl,Twitter Web Client,2015-05-20 13:47:00,89,0,RT @RepLoisFrankel: .@HouseGOP has punted Highway Trust Fund deadline 2 months deeper into the critical summer construction season. This is…,,,601001954471346176,1077121945,RepLoisFrankel
600361888778756097,2433737761,rephastingsfl,Twitter Web Client,2015-05-18 18:06:43,0,0,@HeadStartgov is one of the strongest investments we’ve made in our children #HeadStart50 #EngageDems,HeadStartgov,,,,
600298929666793472,2433737761,rephastingsfl,Twitter Web Client,2015-05-18 13:56:32,144,0,RT @Clyburn: Our children are our future. Join me in celebrating the 50th Anniversary of @HeadStartgov #HeadStart50 #EngageDems,,,600286928416731136,188019606,Clyburn
600048765605666817,2433737761,rephastingsfl,Twitter Web Client,2015-05-17 21:22:28,2,2,Today is International Day Against Homophobia &amp; Transphobia. Let's end prejudice against the LGBT community #idahot http://t.co/P2JCYFkzJI,,,,,
598955772324802561,2433737761,rephastingsfl,Twitter Web Client,2015-05-14 20:59:18,1,1,We must #knowlupus to create a future with #nolupus. Play the game and raise your knowledge about lupus! http://t.co/dZXpK5lfZr,,,,,
598851797806161920,2433737761,rephastingsfl,Twitter Web Client,2015-05-14 14:06:09,100,0,"RT @RepPerlmutter: Let's renew Highway Trust Fund ASAP. @HouseGOP's needless crisis casts uncertainty on 6,000 US construction projects. ht…",,,598827357005189120,20552026,RepPerlmutter
598118007949422592,2433737761,rephastingsfl,Twitter Web Client,2015-05-12 13:30:20,97,0,"RT @repblumenauer: There are just 7 legislative days until Highway Trust Fund expires. @HouseGOP, end the dysfunction &amp; bring us a bill. ht…",,,598103313989640192,15954997,repblumenauer
595952710798680065,2433737761,rephastingsfl,Twitter Web Client,2015-05-06 14:06:13,138,0,RT @NydiaVelazquez: This National Small Business Week we salute American entrepreneurs who create 3 out of 4 new jobs. Let's help them succ…,,,595931781397880832,164369297,NydiaVelazquez
595694148944003073,2433737761,rephastingsfl,Twitter Web Client,2015-05-05 20:58:47,3,0,Rivlin meets delegation of congressmen http://t.co/XxHbp4Dh4g via @timesofisrael,,,,,
595596592582893571,2433737761,rephastingsfl,Twitter Web Client,2015-05-05 14:31:07,13,12,At a meeting with Prime Minister #Netanyahu on my 16th trip to Israel. http://t.co/RiExAMModm,,,,,
594198756515536896,2433737761,rephastingsfl,Twitter Web Client,2015-05-01 17:56:37,4,2,Disappointed that @HouseGOP passed a resolution that permits DC employers to discriminate against women for their healthcare choices.,,,,,
594197489399496704,2433737761,rephastingsfl,Twitter Web Client,2015-05-01 17:51:35,3,4,Join me in paying homage to Jewish Americans who have helped shape our nation and world this #Jewish American Heritage Month. #JAHM,,,,,
594139112812257280,2433737761,rephastingsfl,Twitter Web Client,2015-05-01 13:59:37,56,0,"RT @RepDennyHeck: With only 25 legislative days until Ex-Im Bank expires, @HouseDemocrats are moving to force a vote to save #ExIm4Jobs htt…",,,594116586484600832,1068499286,RepDennyHeck
593883857583284224,2433737761,rephastingsfl,Twitter Web Client,2015-04-30 21:05:20,2,3,Proud to support the #RaiseTheWage Act introduced today that will boost the federal minimum wage to #12by2020,,,,,
593415815707414529,2433737761,rephastingsfl,Twitter Web Client,2015-04-29 14:05:30,373,0,RT @RepCummings: We can't allow violence to distract from our purpose. We must continue with peaceful calls for justice to honor the memory…,,,593412574949068800,787373558,RepCummings
593123103796031488,2433737761,rephastingsfl,Twitter Web Client,2015-04-28 18:42:22,271,0,RT @USAID: We're providing an additional $9 million in assistance for the #NepalQuake emergency response: http://t.co/Zxf93LR2fT http://t.c…,,,592775842406735873,36683668,USAID
591271345738092544,2433737761,rephastingsfl,Twitter Web Client,2015-04-23 16:04:08,32,0,"RT @NAACP_LDF: ""#LorettaLynch is the first AG nominee to be filibustered in US history."" - @SenatorReid #ConfirmLynch",,,591247973859926016,126062842,NAACP_LDF
591258803850649600,2433737761,rephastingsfl,Twitter Web Client,2015-04-23 15:14:18,0,0,"Join me in celebrating #Israel ’s 67th #IndependenceDay, Yom Ha’atzmaut.  Wishing  everyone a Chag Sameach.",,,,,
590937255029669888,2433737761,rephastingsfl,Twitter Web Client,2015-04-22 17:56:35,6,1,"Happy #EarthDay! Today we focus on leaving a healthier, stronger &amp; more livable planet for future generations. http://t.co/Y9dHkD7Fjw",,,,,
590515262580985857,2433737761,rephastingsfl,Twitter Web Client,2015-04-21 13:59:44,102,0,"RT @keithellison: .@HouseGOP, let's invest in America's hard-working families instead of giving away billions of dollars to the top 0.2%.",,,590486983497121792,14135426,keithellison
590160123722629120,2433737761,rephastingsfl,Twitter Web Client,2015-04-20 14:28:32,132,0,RT @repjoecrowley: FACT: @HouseGOP has spent this entire Congress blowing up the deficit w/ unpaid-for tax giveaways overwhelmingly tilted …,,,590132271497277440,111635980,repjoecrowley
589077400073428992,2433737761,rephastingsfl,Fireside Publishing,2015-04-17 14:46:11,3,2,Hastings Introduces Resolution Recognizing America’s Homeless Veterans http://t.co/wEp2MDFYrg,,,,,
588776650596319232,2433737761,rephastingsfl,Twitter Web Client,2015-04-16 18:51:07,3,4,"On this #HolocaustRemembrance Day, let us rededicate ourselves to the fight to end anti-Semitism, bigotry and hatred in all of its forms.",,,,,
588745466344566785,2433737761,rephastingsfl,Twitter Web Client,2015-04-16 16:47:12,2,2,Proud to be an original co-sponsor of @RepAndreCarson ’s resolution condemning discrimination against #LGBT Americans. #Equality,,,,,
588405444915437570,2433737761,rephastingsfl,Twitter Web Client,2015-04-15 18:16:04,2,3,"Today is the 150th anniversary of Pres. Lincoln's assassination, we honor him for freeing millions &amp; keeping the Union together #Lincoln150",,,,,
588336426221228032,2433737761,rephastingsfl,Twitter Web Client,2015-04-15 13:41:49,161,0,"RT @StaceyPlaskett: Today marks 100 days of the new Republican Congress: 100 days of dysfunction, obstruction &amp; distraction. Americans dese…",,,588321443244539904,2724095695,StaceyPlaskett
587989413952671745,2433737761,rephastingsfl,Twitter Web Client,2015-04-14 14:42:55,7,1,On Equal Pay Day we must continue to ensure #equalpaynow for equal work by closing the wage gap. #EqualPayDay http://t.co/sh9s9A0nba,,,,,
587709732196069376,2433737761,rephastingsfl,Twitter Web Client,2015-04-13 20:11:33,4,4,"Working families need bigger paychecks &amp; better infrastructure, but 100 days into this Congress, GOP refuses to help. http://t.co/adpBc14k4a",,,,,
587675894338232321,2433737761,rephastingsfl,Twitter Web Client,2015-04-13 17:57:06,4,3,".@HouseDemocrats want to raise wages &amp; cut taxes for hard-working families, @HouseGOP keeps fighting for wealthy few. http://t.co/Wmq7cUvpxD",,,,,
586574687322406913,2433737761,rephastingsfl,Twitter Web Client,2015-04-10 17:01:18,3,5,Every day 33 young people become infected with HIV. Let's encourage our youth to get tested. #NYHAAD http://t.co/IEwdggdZC3,,,,,
586530831218388992,2433737761,rephastingsfl,Twitter Web Client,2015-04-10 14:07:02,146,0,RT @RepHankJohnson: .@HouseDemocrats want to pass #BankOnStudents legislation that allows borrowers to refinance their student loans. http:…,,,586513372029517824,24745957,RepHankJohnson
585167997125451776,2433737761,rephastingsfl,Twitter Web Client,2015-04-06 19:51:37,6,6,The @HouseDemocrats have filed a brief in support of POTUS' #ImmigrationAction to strengthen families and US economy. http://t.co/Oc2icsFkhZ,,,,,
582612270401884161,2433737761,rephastingsfl,Twitter Web Client,2015-03-30 18:36:04,170,0,"RT @HRC: ""Opposing discrimination takes courage...it’s time for all of us to be courageous."" -Apple CEO @tim_cook http://t.co/6cjrHjMwev @H…",,,582521917908873216,19608297,HRC
582565448316809217,2433737761,rephastingsfl,Fireside Publishing,2015-03-30 15:30:01,0,0,Hastings’ Statement on Deadly Church Van Crash in Glades County  http://t.co/fFkyq6C26s,,,,,
581083355246104577,2433737761,rephastingsfl,Twitter Web Client,2015-03-26 13:20:42,176,0,RT @RepMarciaFudge: No hiding the radical and destructive values in the #GOPbudget. We should #InvestInKids. They’re our future. http://t.c…,,,581071297834295297,153486399,RepMarciaFudge
581078858197266433,2433737761,rephastingsfl,Twitter Web Client,2015-03-26 13:02:50,2,1,Proud to support the Paycheck Fairness Act. Ensuring #EqualPay for equal work and closing the wage gap. http://t.co/2mWrEHIC3H,,,,,
580122461926240256,2433737761,rephastingsfl,Fireside Publishing,2015-03-23 21:42:27,0,0,Hastings Introduces Resolution Honoring Dr. Elmira Mangum as the First Female President of Florida A&amp;M University http://t.co/pJybeOdTsI,,,,,
580095747951058945,2433737761,rephastingsfl,Twitter Web Client,2015-03-23 19:56:18,19,0,RT @RepJudyChu: The *real* #MarchMadness is happening in Congress. Which of these Republican proposals is your top pick? http://t.co/wpsdLd…,,,579321631148875777,193732179,RepJudyChu
580057591990128640,2433737761,rephastingsfl,Twitter Web Client,2015-03-23 17:24:41,3,2,"Thanks to the #AffordableCareAct, which turns 5 today, millions now have access to healthcare! #ACAisWorking http://t.co/6hS1BtnvRh",,,,,
579609599436808192,2433737761,rephastingsfl,Twitter Web Client,2015-03-22 11:44:31,5,3,Happy #WorldWaterDay ! Read USAID op-ed about #WASH and #sustainability http://t.co/90VGYwT1Qr #WaterIs @USAIDEnviro,,,,,
578664894729453569,2433737761,rephastingsfl,Twitter Web Client,2015-03-19 21:10:36,3,3,I stand with all Tunisians rallying against tyranny &amp; terrorism at the site of yesterday's tragic event. #Democracy #Tunisia,,,,,
578631409960615936,2433737761,rephastingsfl,Twitter Web Client,2015-03-19 18:57:33,1,3,Proud to vote against Republicans' latest move to undermine workers' rights. #UnionElections,,,,,
578603003403440128,2433737761,rephastingsfl,Twitter Web Client,2015-03-19 17:04:40,8,7,"Proud to stand with @RepJohnLewis, @Clyburn, @WhipHoyer, @RepJohnConyers &amp; @RepBrady as an original cosponsor of the Voter Empowerment Act.",,,,,
578263242159624192,2433737761,rephastingsfl,Fireside Publishing,2015-03-18 18:34:35,2,1,Hastings and Schweikert Condemn Tunisia Museum Attack  http://t.co/F8z8VPjs3T,,,,,
578247973781573632,2433737761,rephastingsfl,Twitter Web Client,2015-03-18 17:33:54,2,4,"The @NYTimes on #GOPbudget: ""The plan’s deep cuts land squarely on the people who most need help: the poor &amp; the working class.""",,,,,
578208707995156480,2433737761,rephastingsfl,Twitter Web Client,2015-03-18 14:57:53,5,2,"Today I joined in intro #SocialSecurity 2100 Act to cut taxes for seniors, improve benefits &amp; strengthen the program http://t.co/yVtGYBfH6S",,,,,
577528963381243904,2433737761,rephastingsfl,Twitter Web Client,2015-03-16 17:56:49,0,0,@HouseGOP needs to move past the drama &amp; work with Dems for bigger paychecks &amp; better infrastructure for Americans. http://t.co/yT3vKc4RcU,HouseGOP,,,,
577473558114349056,2433737761,rephastingsfl,Twitter Web Client,2015-03-16 14:16:39,198,0,RT @ChrisVanHollen: Americans want &amp; deserve a budget that puts the #MiddleClassFirst. Time for better infrastructure &amp; bigger paychecks fo…,,,577446782776557569,18137749,ChrisVanHollen
576080292462641153,2433737761,rephastingsfl,Twitter Web Client,2015-03-12 18:00:19,6,2,Lynch exemplifies what #WomensHistoryMonth is all about. #ConfirmLynch http://t.co/pUqntZBPyO,,,,,
575323998592090114,2433737761,rephastingsfl,Twitter Web Client,2015-03-10 15:55:04,565,0,RT @repjohnlewis: We commemorated the 50th annv of Bloody Sunday. Now it's our responsibility to fix SCOTUS decision that put a dagger in t…,,,575305979245498368,29450962,repjohnlewis
574976848502898690,2433737761,rephastingsfl,Twitter Web Client,2015-03-09 16:55:37,4,7,Proud to be 1 of 211 Members urging #SCOTUS to strike down state same-sex marriage bans #MARRIAGEEQUALITY http://t.co/GjfelMxxOR,,,,,
573198384586203137,2433737761,rephastingsfl,Fireside Publishing,2015-03-04 19:08:39,4,5,Rep. Hastings Introduces Legislation Addressing Chronic Homelessness Nationwide http://t.co/dQM3MPkMbx,,,,,
573193260799303682,2433737761,rephastingsfl,Twitter Web Client,2015-03-04 18:48:17,36,0,RT @CecileRichards: Obamacare is working - and we can’t go backward. A must-read with everything you need to know about #KingvBurwell: http…,,,573105498855215105,17011177,CecileRichards
572878164084457472,2433737761,rephastingsfl,Twitter Web Client,2015-03-03 21:56:12,5,4,Glad the @GOPHouse finally stopped playing games w/ Nat Sec &amp; passed a clean @DHSgov funding bill…Sadly 3 months later than necessary,,,,,
572498409153802240,2433737761,rephastingsfl,Fireside Publishing,2015-03-02 20:47:11,3,2,Hastings’ Statement in Recognition of Women’s History Month http://t.co/Tcfk63dudi,,,,,
572425582283259905,2433737761,rephastingsfl,Twitter Web Client,2015-03-02 15:57:48,1,1,"The @HouseGOP ‘s love of Ground Hog’s Day continues, weren’t we hear just last week? #DontShutDownOurSecurity http://t.co/Z3X4vaE2dg",,,,,
572402469390708736,2433737761,rephastingsfl,Twitter Web Client,2015-03-02 14:25:58,3,3,Will never forget the first time I read Alice in Wonderland. Encourage your kids to read March 2! #ReadAcrossAmerica @NEAToday,,,,,
571347419729924096,2433737761,rephastingsfl,Twitter Web Client,2015-02-27 16:33:34,9,3,Keeping American families safe is 1st priority of Congress. I urge my Republican colleagues #DontShutDownOurSecurity http://t.co/IWFCsqeooA,,,,,
571332183937429504,2433737761,rephastingsfl,Twitter Web Client,2015-02-27 15:33:02,3,5,"Again @GOPHouse plays kick the can w/ @DHSgov funding, need leadership not gamesmanship to pass clean funding bill #DontShutDownOurSecurity",,,,,
570987239930507265,2433737761,rephastingsfl,Twitter Web Client,2015-02-26 16:42:21,2,3,"Florida has 16,575 full-time @DHSgov employees protecting our nation, tell @HouseGOP #DontShutDownOurSecurity http://t.co/6Unh32jBLs",,,,,
570963295248760835,2433737761,rephastingsfl,Twitter Web Client,2015-02-26 15:07:12,1,1,Loretta Lynch has the experience needed to excel as our next #AG. It’s time to #ConfirmLynch,,,,,
570685189178986497,2433737761,rephastingsfl,Twitter Web Client,2015-02-25 20:42:06,4,2,"The clock continues to run out on DHS funding.  Only #3DaysTil shutdown, tell @HouseGOP #DontShutDownOurSecurity ! http://t.co/qhguE6vPRq",,,,,
570321986917933058,2433737761,rephastingsfl,Twitter Web Client,2015-02-24 20:38:52,2,3,"Ahead of 50th Anniversary of the ""Voting Rights Act"" I'm working to mark August 6th as “National Voting Rights Day” http://t.co/K1V9Fi1uQh",,,,,
570234805297786880,2433737761,rephastingsfl,Twitter Web Client,2015-02-24 14:52:26,6,2,#4DaysTill DHS shuts down &amp; @HouseGOP are playing games with America’s safety! Tell #GOP #DontShutDownOurSecurity http://t.co/zhpjRoyGx8,,,,,
569882205423579136,2433737761,rephastingsfl,Twitter Web Client,2015-02-23 15:31:20,22,3,Insane that @GOPHouse continues to play political games with our nation’s security! #DontShutDownOurSecurity http://t.co/A2MLdcRGID,,,,,
568147962888638464,2433737761,rephastingsfl,Twitter Web Client,2015-02-18 20:40:04,3,1,"Open Enrollment is over &amp; 1.6 million Floridians are receiving affordable, quality coverage through Marketplace #ACA http://t.co/V1ybCYC9Sb",,,,,
566349707363254273,2433737761,rephastingsfl,Twitter Web Client,2015-02-13 21:34:27,5,4,Join me in supporting better access to care for kids with cancer #actnow4kidswithcancer for Childhood Cancer Awareness Day 2015,,,,,
566310763309318144,2433737761,rephastingsfl,Twitter Web Client,2015-02-13 18:59:42,1,4,In 2 wks 40k border agents will have to work w/o pay unless GOP ends the political games and passes a clean bill #DontShutDownOurSecurity,,,,,
566303963260416001,2433737761,rephastingsfl,Twitter Web Client,2015-02-13 18:32:40,1,2,Only 2 weeks until @DHSgov shutdown; it's time for GOP to pass clean bill &amp; stop holding national security hostage #DontShutDownOurSecurity,,,,,
566296412649168897,2433737761,rephastingsfl,Twitter Web Client,2015-02-13 18:02:40,3,2,All 188 @HouseDemocrats support funding @DHS Tell @HouseGOP to stop risking national security to deport DREAMers #DontShutDownOurSecurity,,,,,
565910769163051008,2433737761,rephastingsfl,Twitter Web Client,2015-02-12 16:30:16,9,3,Rep. Hastings Calls on @HouseGOP Republicans to Stop Spinning Their Wheels and Start Putting the #MiddleClassFirst http://t.co/kdofUc8g1r,,,,,
565865427218477056,2433737761,rephastingsfl,Twitter Web Client,2015-02-12 13:30:05,161,61,"Yesterday, the GOP unanimously defeated a clean DHS funding bill. Americans deserve better. #DontShutDownOurSecurity http://t.co/VjVhmNcttU",,,,,
565634175970312192,2433737761,rephastingsfl,Twitter Web Client,2015-02-11 22:11:11,5,5,Don't delay! 4 days left to #GetCovered. Enroll now at http://t.co/gQW9MzuuiA . http://t.co/ItjVZWGJGR,,,,,
565610833787768834,2433737761,rephastingsfl,Fireside Publishing,2015-02-11 20:38:25,7,4,Hastings Reintroduces Legislation to Award Congressional Gold Medal Posthumously to Lena Horne http://t.co/39c6KCPtus,,,,,
565604272117936132,2433737761,rephastingsfl,Twitter Web Client,2015-02-11 20:12:21,3,1,Proud to be an Original Cosponsor of #HR842 Huntington’s Disease Parity Act. Let's #PassTheHDParityAct and help thousands of families! #HDSA,,,,,
565180703303041024,2433737761,rephastingsfl,Twitter Web Client,2015-02-10 16:09:14,6,1,By attaching #DHS funding to anti-immigration conditions @GOPHouse Republicans threaten the security of all Americans http://t.co/3b9xGT1aiX,,,,,
564816619629993984,2433737761,rephastingsfl,Twitter Web Client,2015-02-09 16:02:30,7,3,Proud to be a cosponsor of @RepLowenthal &amp; @MarkeyMemo ‘s #LGBT Int'l #HumanRights Defense Act. http://t.co/MRbAe9SeSZ,,,,,
564202225682362368,2433737761,rephastingsfl,Twitter Web Client,2015-02-07 23:21:07,6,3,#HIV is 9th leading cause of death for African Americans. Get tested &amp; spread awareness! #NBHAAD2015,,,,,
563730456269844480,2433737761,rephastingsfl,Twitter Web Client,2015-02-06 16:06:29,33,25,Proud to support legislation that limits high capacity gun magazines and makes #gunsense Let's #SayNo2MoreAmmo http://t.co/Cs06q3HjKS,,,,,
563361477676236800,2433737761,rephastingsfl,Twitter Web Client,2015-02-05 15:40:17,11,8,"If @HouseGOP fails to pass a clean #DHS funding bill, 50,000 TSA screeners will have to work w/out pay #DontShutDownOurSecurity",,,,,
563021605237194752,2433737761,rephastingsfl,Twitter Web Client,2015-02-04 17:09:45,14,8,Everyone has the right to quality cancer treatment and services regardless of geography or financial situation #WorldCancerDay,,,,,
562299156338077697,2433737761,rephastingsfl,Twitter Web Client,2015-02-02 17:19:00,53,37,With @HouseGOP to call for 56th vote to repeal #ACA it must be #GroundhogDay again http://t.co/KCtQuHL4lu,,,,,
562260143963115520,2433737761,rephastingsfl,Twitter Web Client,2015-02-02 14:43:59,3,8,President Obama’s budget is focused on investing in an economy that puts the #MiddleClassFirst &amp; allows everyone to live the American Dream.,,,,,
561227173466738688,2433737761,rephastingsfl,Twitter Web Client,2015-01-30 18:19:19,5,4,Proud to cosponsor International Human Rights Defense Act which will promote LGBT human rights abroad #HumanRights http://t.co/yphqmxTEWW,,,,,
560802304405012480,2433737761,rephastingsfl,Fireside Publishing,2015-01-29 14:11:03,3,2,Hastings’ Marks Sixth Anniversary of the Lilly Ledbetter Fair Pay Act http://t.co/FzKaFs4lyX,,,,,
560544896231407616,2433737761,rephastingsfl,Fireside Publishing,2015-01-28 21:08:12,3,2,Hastings Receives 100 Percent Score from Humane Society Annual Scorecard in 113th Congress http://t.co/Z9DfoAGYOA,,,,,
560156382541127680,2433737761,rephastingsfl,Fireside Publishing,2015-01-27 19:24:23,1,0,Hastings’ Statement on International Holocaust Remembrance Day 2015  http://t.co/hXMASlStgs,,,,,
559819916161724416,2433737761,rephastingsfl,Twitter Web Client,2015-01-26 21:07:23,1,3,"@SpeakerBoehner dismisses solutions to income inequality, calling them ‘dead, real dead’ http://t.co/1maW1MnRuA http://t.co/niJynHGRDv",SpeakerBoehner,,,,
558333271902539776,2433737761,rephastingsfl,Twitter Web Client,2015-01-22 18:40:00,14,4,The @HouseGOP is a party of obstruction &amp; dysfunction. Thanks Rep. Dent for the candid insight http://t.co/N8TfeSiAK4 http://t.co/CQGPW9ysel,,,,,
558312870203887616,2433737761,rephastingsfl,Fireside Publishing,2015-01-22 17:18:55,0,1,Hastings’ Statement on the 42nd Anniversary of Roe v. Wade http://t.co/Lt3gNNYDqZ,,,,,
558019215333265408,2433737761,rephastingsfl,Twitter Web Client,2015-01-21 21:52:03,3,3,The time to remove big money from our political process is long overdue #citizensunited #getmoneyout,,,,,
557973604881948672,2433737761,rephastingsfl,Twitter Web Client,2015-01-21 18:50:48,14,26,I’m proud to defend women’s health and rights by co-sponsoring the Women’s Health Protection Act #ActForWomen #7in10forRoe,,,,,
557922270694625280,2433737761,rephastingsfl,Twitter Web Client,2015-01-21 15:26:49,2,2,"RT @USDOL ""It’s 2015. It’s time"" Women make 78% of what their male counterparts make. http://t.co/KNEGp7p2wK  link: https://t.co/TlrpoNFQoJ",,,,,
557919342273519616,2433737761,rephastingsfl,Fireside Publishing,2015-01-21 15:15:11,0,1,Hastings’ Response to President Obama’s State of the Union Address  http://t.co/Mu6e35SXe5,,,,,
557622260148998144,2433737761,rephastingsfl,Twitter Web Client,2015-01-20 19:34:41,2,1,Hope #SOTU inspires GOP end special interest handouts for corp &amp; wealthy interests. Let's fight for working families! http://t.co/vXFF22SqJy,,,,,
557613434293219328,2433737761,rephastingsfl,Fireside Publishing,2015-01-20 18:59:37,1,0,U.S. Representatives Alcee L. Hastings and Ted Deutch to Host Briefing on ISIS’ Involvement in Sex Trafficking  http://t.co/MAq3LuNDDm,,,,,
557197371373674497,2433737761,rephastingsfl,Twitter Web Client,2015-01-19 15:26:20,3,1,"Recent events remind us that ""Injustice anywhere is a threat to justice everywhere."" - Dr. Martin Luther King Jr. #MLKDay",,,,,
557178391330570241,2433737761,rephastingsfl,Fireside Publishing,2015-01-19 14:10:55,1,0,"Hastings Celebrates Martin Luther King, Jr. Day http://t.co/Vw7qKSF6GA",,,,,
555795999298711552,2433737761,rephastingsfl,Twitter Web Client,2015-01-15 18:37:47,0,0,POTUS is expanding access to paid leave. I urge @HouseGOP to join Dems in Congress &amp; #LeadOnLeave too http://t.co/YcbX0kPHCK,,,,,
555767915660972033,2433737761,rephastingsfl,Twitter Web Client,2015-01-15 16:46:11,1,0,"“Stand with Charlie Hebdo in the fight for freedom of thought,” My thoughts on the recent tragedy in Paris. http://t.co/r33g3tHx6J",,,,,
555072708950892545,2433737761,rephastingsfl,Twitter Web Client,2015-01-13 18:43:41,7,13,"Proud to vote for H.R. 203, the #ClayHunt SAV Act. Critical legislation to improve Veteran #suicideprevention programs @DeptVetAffairs",,,,,
554739652666884096,2433737761,rephastingsfl,Twitter for Android,2015-01-12 20:40:14,0,0,Watch at 5PM as I fight Wall Street giveaways &amp; endangering Nat Sec to satisfy anti-immigrant extremists in @HouseGOP http://t.co/hzmMcFK8Ee,,,,,
554687870494322688,2433737761,rephastingsfl,Twitter Web Client,2015-01-12 17:14:28,1,3,#GOP the Party of NO comprehensive #immigrationaction Holding Homeland Security funding hostage is no way to run government,,,,,
553900091015442432,2433737761,rephastingsfl,Twitter Web Client,2015-01-10 13:04:07,4,7,I look forward to spending time with great friends and supporters of the Everglades today. #EVCO2015,,,,,
553624390420942848,2433737761,rephastingsfl,Twitter Web Client,2015-01-09 18:48:35,4,2,"Dec. added to the longest uninterrupted period of private sector job growth in history. Great news, but still more to do! #MiddleClassFirst",,,,,
553264670011060226,2433737761,rephastingsfl,Twitter Web Client,2015-01-08 18:59:11,2,2,"3 days into the 114th Congress, the @HouseGOP is again working to dismantle health care for Americans. Disappointing. http://t.co/DMNsbUWYm2",,,,,
552907197232197634,2433737761,rephastingsfl,Twitter Web Client,2015-01-07 19:18:42,1,1,Today we stand with the people of #France in mourning this unspeakable act of violence. #parisattack,,,,,
552841644316581889,2433737761,rephastingsfl,Twitter Web Client,2015-01-07 14:58:13,1,3,"Disheartening that the GOP spent their first day fighting for special interests, rather than the needs of American workers #MiddleClassFirst",,,,,
552539828299243521,2433737761,rephastingsfl,Twitter Web Client,2015-01-06 18:58:55,2,6,"Our march toward equality for all can't be stopped.  At long last, love wins in FL. #FLmarriage #MarriageEquality",,,,,
552475624879960064,2433737761,rephastingsfl,Twitter Web Client,2015-01-06 14:43:48,1,1,"As the 114th Congress starts, I'm focused on creating equality for working class families, improving infrastructure and to #RaiseTheWage",,,,,
544546612996227072,2433737761,rephastingsfl,Twitter Web Client,2014-12-15 17:36:44,1,1,Today is the deadline to enroll for health insurance coverage that starts January 1st! Sign up to #GetCovered → http://t.co/gQW9MAlhGM,,,,,
543445650202169344,2433737761,rephastingsfl,Twitter Web Client,2014-12-12 16:41:54,2,1,"I voted against #CRomnibus to protect our middle class. We must protect retirees, not Wall Street, and insist on ridding politics of big $",,,,,
542809658147479552,2433737761,rephastingsfl,Twitter Web Client,2014-12-10 22:34:42,1,2,Today I am proud to recognize @UN Human Rights Day and the start of the International Decade for People of African Descent. #rights365,,,,,
540578930370314243,2433737761,rephastingsfl,Twitter Web Client,2014-12-04 18:50:35,0,1,#POTUS took bold step to keep families together. Time for Congress to act &amp; #PassABill. #ImmigrationAction,,,,,
540203380443209729,2433737761,rephastingsfl,Twitter Web Client,2014-12-03 17:58:17,3,3,No one should have to choose between her job and the health of her pregnancy #StandWithPeggy http://t.co/sPi1waQYol,,,,,
539500543174254594,2433737761,rephastingsfl,Twitter Web Client,2014-12-01 19:25:27,0,0,This World AIDS Day the end of #AIDS begins with us! Learn more about #HIV prevention + treatment. @AIDSgov #WAD2014 http://t.co/RQKAzg5GKV,,,,,
539478778435874816,2433737761,rephastingsfl,Twitter Web Client,2014-12-01 17:58:58,1,0,Today we remember Rosa Parks’ courage and contribution to the Civil Rights Movement.  #RosaParks #civilrights http://t.co/uZrrmhrrvw,,,,,
535803523905384448,2433737761,rephastingsfl,Twitter Web Client,2014-11-21 14:34:49,0,0,Child homelessness has reached a historic high in the U.S  #1in30children are homeless http://t.co/Jqz3zyzMeo,,,,,
535536302612287488,2433737761,rephastingsfl,Twitter Web Client,2014-11-20 20:52:58,1,1,@SpeakerBoehner has had 500+ days to act on #CIR bill and Americans can no longer wait. I support #ImmigrationAction! http://t.co/rpQU96rCxn,SpeakerBoehner,,,,
533640000143777792,2433737761,rephastingsfl,Twitter Web Client,2014-11-15 15:17:45,0,0,Health Insurance Open Enrollment begins TODAY and will remain open until Feb. 15th. Get coverage now. http://t.co/ZE0iamTr1z,,,,,
533365335203008512,2433737761,rephastingsfl,Twitter Web Client,2014-11-14 21:06:20,0,0,We are 1 day away from open enrollment! Learn how to get ready to #GetCovered https://t.co/HskmEGhIpp #HealthTalk http://t.co/wbAlrlYiMs,,,,,
532944228914327552,2433737761,rephastingsfl,Twitter Web Client,2014-11-13 17:13:00,0,0,Need health insurance? You can start comparing plans for 2015 at http://t.co/gQW9MzuuiA today,,,,,
525676909699801088,2433737761,rephastingsfl,Twitter Web Client,2014-10-24 15:55:16,1,0,Over the past 69 years the UN has been tackling global challenges and helping those in need. #HappybirthdayUN http://t.co/igRLWHUrw9,,,,,
524965904237748225,2433737761,rephastingsfl,Twitter Web Client,2014-10-22 16:49:59,2,0,#RaiseTheWage @EconomicPolicy: A $10.10 minimum wage would save taxpayers $7.6 billion a year http://t.co/tZZxRY24oh http://t.co/YLI0rqDGxc,,,,,
524300178434424832,2433737761,rephastingsfl,Twitter Web Client,2014-10-20 20:44:38,1,0,@DHSgov has announced it will create a Haitian Family Reunification Parole Program in 2015. Visit http://t.co/bS85XwFLfl for more details.,DHSgov,,,,
522802082513162240,2433737761,rephastingsfl,Twitter Web Client,2014-10-16 17:31:44,0,0,Join me in going purple for #SpiritDay to support #LGBT youth and take a stand against bullying.  #BullyingPreventionMonth,,,,,
520590171834945536,2433737761,rephastingsfl,Twitter Web Client,2014-10-10 15:02:23,3,1,Oct. 10 is National Minimum Wage Day. It’s time we put the #MiddleClassFirst and #RaiseTheWage to $10.10 #with1010 http://t.co/3kmPpSLsDG,,,,,
520295793719533569,2433737761,rephastingsfl,Twitter Web Client,2014-10-09 19:32:38,1,1,Received a score of 100 from @HRC in 113th Congress.Tell your elected officials/community leaders that #LGBT equality is important to you!,,,,,
519939861722431489,2433737761,rephastingsfl,Twitter Web Client,2014-10-08 19:58:17,1,1,Today is Latina #EqualPay Day. Latina women earn 56 cents for every $1 earned by men. It’s time Congress #RaiseTheWage #Igualdadsalarial,,,,,
519495437066440705,2433737761,rephastingsfl,Twitter Web Client,2014-10-07 14:32:18,1,0,Let's end economic insecurity for 4 million African Americans and make the minimum wage a living wage! #RaiseTheWage http://t.co/JNpX3pGGMo,,,,,
519245331369046017,2433737761,rephastingsfl,Twitter Web Client,2014-10-06 21:58:28,2,1,Today’s #SCOTUS decision is another victory for #MarriageEquality. #LGBT Americans deserve just + fair treatment under law in all 50 states!,,,,,
518098526673575937,2433737761,rephastingsfl,Twitter Web Client,2014-10-03 18:01:29,6,6,U.S. manufacturing supports 1 out of every 7 American private sector workers. That's 17.8 million jobs. #MfgDay14,,,,,
517739803203629058,2433737761,rephastingsfl,Twitter Web Client,2014-10-02 18:16:02,0,0,"There's no dignity in working a 50 hr. week &amp; then going to a food pantry at the end of the week."" -@LaborSec on the need to #RaiseTheWage",,,,,
517419314761465856,2433737761,rephastingsfl,Twitter Web Client,2014-10-01 21:02:32,0,1,October is #BreastCancerAwarenessMonth. 1 in every 8 women will develop breast cancer in her lifetime. #PinkPower #Mammogram,,,,,
516653715013771265,2433737761,rephastingsfl,Twitter Web Client,2014-09-29 18:20:19,0,0,Today is #WorldHeartDay ! Have a happy start to your week by choosing to make healthy #heartchoices ! http://t.co/OjHxyNGdiQ,,,,,
515552206867558400,2433737761,rephastingsfl,Twitter Web Client,2014-09-26 17:23:19,0,1,Today @UKParliament voted on airstrikes against #ISIL. Congress should reconvene now to voice views of American people on US mil strategy!,,,,,
515522066280632321,2433737761,rephastingsfl,Twitter Web Client,2014-09-26 15:23:33,1,0,September 27 is National Gay Men’s HIV/AIDS Awareness Day. Get the facts and get involved at http://t.co/jzCqDX03iy! #NGMHAAD #StartTalking,,,,,
514824793032777728,2433737761,rephastingsfl,Twitter Web Client,2014-09-24 17:12:50,2,1,August 14 &amp; yesterday I asked @SpeakerBoehner to reconvene Congress to debate US response to #ISIL. We must act now! http://t.co/ajGVlNMMA8,,,,,
514795875135389697,2433737761,rephastingsfl,Twitter Web Client,2014-09-24 15:17:55,0,0,"Happy #RoshHashanah to all celebrating the Jewish New Year, marking the start of the high holidays and wishing all a peaceful year",,,,,
514531780888895488,2433737761,rephastingsfl,Twitter Web Client,2014-09-23 21:48:30,1,1,Time is now for Congress to debate #ISIL threat. See my letters to @SpeakerBoehner and @WhiteHouse http://t.co/tA9kloTd0T,,,,,
514454812227039232,2433737761,rephastingsfl,Twitter Web Client,2014-09-23 16:42:40,0,0,Happy National Voter Registration Day! #CelebrateNVRD by getting registered RIGHT NOW: http://t.co/DXm2gRQ0v3,,,,,
513034456492670976,2433737761,rephastingsfl,Twitter Web Client,2014-09-19 18:38:40,1,0,"3 years ago military’s discriminatory Don’t Ask, Don’t Tell finally came to an end. Let’s honor all who serve our great nation! #DADT #LGBT",,,,,
512989105257730048,2433737761,rephastingsfl,Twitter Web Client,2014-09-19 15:38:28,1,1,316 days since Senate passed #ENDA to protect #LGBT workers. Tell @SpeakerBoehner that you #DemandAVote in the House! http://t.co/qxPZgcw59K,,,,,
512227349203812352,2433737761,rephastingsfl,Twitter Web Client,2014-09-17 13:11:31,1,1,"According to @iava 5,500+ veterans died from suicide this year. We're working to #Stop22aDay #SuicidePreventionMonth http://t.co/LtgiNNTYBJ",,,,,
511918665953185792,2433737761,rephastingsfl,Twitter Web Client,2014-09-16 16:44:55,0,0,#AskedandAnswered database of questions from 2012 #Benghazi attacks. #BenghaziAnswered  http://t.co/F4fR4s0hO6,,,,,
511556812718751745,2433737761,rephastingsfl,Twitter Web Client,2014-09-15 16:47:03,5,0,Citizen participation is the foundation of democracy + transparency critical to bringing this right to people around the world #openparl2014,,,,,
510479798381330432,2433737761,rephastingsfl,Twitter Web Client,2014-09-12 17:27:22,6,7,"Today is the 20th anniversary of @AmeriCorps, thanks to all past &amp; present AmeriCorps members for their service and impact #AmeriCorps20",,,,,
510427828819881984,2433737761,rephastingsfl,Twitter Web Client,2014-09-12 14:00:52,0,0,Honored to join resolution condemning #ISIL for brutal killing of American journalists James Foley and Steven Sotloff http://t.co/hDDnOKNEqX,,,,,
509813553239703553,2433737761,rephastingsfl,Twitter Web Client,2014-09-10 21:19:57,1,0,Hobby lobby + the wage gap = women paying more for healthcare out of their already smaller paychecks  #FixHobbyLobby http://t.co/Dq31mb0cvT,,,,,
509076741193994240,2433737761,rephastingsfl,Twitter Web Client,2014-09-08 20:32:07,3,0,"Tell @GOPLeader McCarthy to reauthorize the Export-Import Bank. 205,000 American middle-class and manufacturing jobs depend on it #exim4jobs",,,,,
507585085118234626,2433737761,rephastingsfl,Twitter Web Client,2014-09-04 17:44:49,2,2,"1 in 4 adults experience #mentalillness in a given year, we can and must do better to help them #Act4MentalHealth",,,,,
505386534577909760,2433737761,rephastingsfl,Twitter Web Client,2014-08-29 16:08:34,1,1,Wishing everyone a happy and safe Labor Day weekend. Workers in America deserve more. Let’s #RaiseTheWage and ensure #EqualPay for women!,,,,,
505063974212497408,2433737761,rephastingsfl,Twitter Web Client,2014-08-28 18:46:49,6,1,"@SpeakerBoehner, taxpayers deserve better than to have their $ wasted @ rate of $500/hour on lawsuit to sue President. #DoYourJobHouseGOP",SpeakerBoehner,,,,
503985011054628864,2433737761,rephastingsfl,Twitter Web Client,2014-08-25 19:19:24,2,1,Women on avg make 77 cents for every dollar earned by men in US. Let's fix this: http://t.co/9eu1LS9yle #WomenSucceed http://t.co/1ZxcZTiFJX,,,,,
499930974843846656,2433737761,rephastingsfl,Twitter Web Client,2014-08-14 14:50:07,2,1,"“Happy Birthday to #SocialSecurity! For 79 years, you’ve been the #SocialSafetyNet to millions of Americans! http://t.co/KqfnSDvXek",,,,,
499651582867542016,2433737761,rephastingsfl,Twitter Web Client,2014-08-13 20:19:55,6,4,Over 23 percent of Florida’s workforce will benefit if we #RaiseTheWage http://t.co/xgJkSc7lVh,,,,,
498914434946199553,2433737761,rephastingsfl,Twitter Web Client,2014-08-11 19:30:45,0,1,#ICYMI @washingtonpost: “Sue Obama? The American people say no.” I’m with them. RT if you agree. http://t.co/l3CuI1U8ne,,,,,
498913024410128384,2433737761,rephastingsfl,Twitter Web Client,2014-08-11 19:25:09,0,0,@HouseGOP refused to #RaiseTheWage but gave huge tax giveaways to corporate special interests. Dems have a better plan: dems/gov/jumpstart,HouseGOP,,,,
497101080397103104,2433737761,rephastingsfl,Twitter Web Client,2014-08-06 19:25:07,11,7,Proud that 4 FL circuit courts have now affirmed the equal rights of gay and lesbian couples to get married. End the ban! #MarriageEquality,,,,,
497055311493349376,2433737761,rephastingsfl,Twitter Web Client,2014-08-06 16:23:15,2,2,I am proud to cosponsor the Voting Rights Amendment Act of 2014 to protect the rights of millions of voters across the nation. #VRA4Today,,,,,
494564094419423232,2433737761,rephastingsfl,Twitter Web Client,2014-07-30 19:24:03,14,8,"Instead of wasting time on the #GOPLawsuit, Congress should #RaiseTheWage, #RenewUI, pass #CIR, and put the #MiddleClassFirst.",,,,,
493751031650861057,2433737761,rephastingsfl,Twitter Web Client,2014-07-28 13:33:14,2,0,"Thanks @MichaelPutney, @GlennaOn10, &amp; @WPLGLocal10 for having me on “This Week in South Florida"" yesterday. http://t.co/WOSNOSwXiw",,,,,
492744378088443904,2433737761,rephastingsfl,Twitter Web Client,2014-07-25 18:53:09,0,0,I’ll be appearing on This Week in South Florida w/ Michael Putney on Sunday morning at 11:30. Please tune in! @WPLGLocal10,,,,,
492410785176780800,2433737761,rephastingsfl,Twitter Web Client,2014-07-24 20:47:34,1,0,"Today, @RulesReps voted to move forward with the frivolous #GOPLawsuit against President Obama. http://t.co/LpPDfzicg2",,,,,
492328118620008449,2433737761,rephastingsfl,Twitter Web Client,2014-07-24 15:19:05,3,1,No full-time worker should have to live in poverty. Here are 5 reasons for Congress to #RaiseTheWage. #1010Now http://t.co/vI2BFN2DOY,,,,,
491970248065945600,2433737761,rephastingsfl,Twitter Web Client,2014-07-23 15:37:02,2,0,Proud to join the State Medicaid Expansion Caucus. Nearly 850k Floridians would qualify for Medicaid under expansion. #ExpandMedicaidNow,,,,,
491966111051952129,2433737761,rephastingsfl,Twitter Web Client,2014-07-23 15:20:35,5,1,It has now been more than 100 days since the Nigerian schoolgirls' kidnapping. #BringBackOurGirls #JoinRepWilson,,,,,
491320521028816896,2433737761,rephastingsfl,Twitter Web Client,2014-07-21 20:35:15,0,0,Applauding #POTUS executive order to ban #LGBT discrimination in federal contracts. Let’s finish the job and pass #ENDA! #OpportunityForAll,,,,,
490205574534291456,2433737761,rephastingsfl,Twitter Web Client,2014-07-18 18:44:51,0,0,Praising 16th Judicial Circuit decision overturning Florida same-sex marriage ban in Monroe County. Keep up momentum for #MarriageEquality!,,,,,
489471749369913345,2433737761,rephastingsfl,Twitter Web Client,2014-07-16 18:08:53,5,2,"This frivolous #GOPLawsuit will be a waste of time and money. Instead, let’s work to #Raisethewage, #RenewUI, and pass #CIR.",,,,,
489471587998236672,2433737761,rephastingsfl,Twitter Web Client,2014-07-16 18:08:15,0,0,Speaker Boehner’s political stunt to sue President Obama is an attempt to appease the most extreme wing of his party. #GOPLawsuit,,,,,
489411667642810369,2433737761,rephastingsfl,Twitter Web Client,2014-07-16 14:10:09,1,0,The Committee on Rules is starting its hearing on a bill to sue President Obama. http://t.co/PR6Nh2gK4I #GOPLawsuit,,,,,
489180960861458432,2433737761,rephastingsfl,Twitter Web Client,2014-07-15 22:53:24,2,0,Proud to co-sponsor the amdt. to #GetMoneyOut of politics #CitizensUnited @RepTedDeutch @RepMcGovern @RepDonnaEdwards http://t.co/f7fgQj530f,,,,,
487285586206945282,2433737761,rephastingsfl,Twitter Web Client,2014-07-10 17:21:51,3,1,Proud to be an original cosponsor of the #NotMyBossBusiness Act. We must protect access to women’s reproductive health services.,,,,,
486997006922285056,2433737761,rephastingsfl,Twitter Web Client,2014-07-09 22:15:09,5,1,"Pleased to vote to pass #WIOA today, legislation that supports critical job training programs and workforce development.",,,,,
485031102483288064,2433737761,rephastingsfl,Twitter Web Client,2014-07-04 12:03:20,0,0,"Remembering all our brave servicemembers, veterans and their families this #July4th and wishing everyone a safe and happy #IndependenceDay!",,,,,
484401488761204736,2433737761,rephastingsfl,Twitter Web Client,2014-07-02 18:21:29,0,0,It's time for every state to put #PeopleOverPolitics &amp; help more Americans access health coverage through Medicaid. http://t.co/wZzBmHhjyj,,,,,
484398105274904576,2433737761,rephastingsfl,Twitter Web Client,2014-07-02 18:08:02,2,1,#CivilRightsAct1964 turns 50 today. Honoring all who have sacrificed to bring an end to discrimination #CivilRights50 http://t.co/Y15xHTYheY,,,,,
483687192179793920,2433737761,rephastingsfl,Twitter Web Client,2014-06-30 19:03:07,3,1,Deeply troubled by #SCOTUS #HobbyLobby decision. Women’s reproductive rights remain under attack. #NotmyBossBusiness http://t.co/4fTdxCdj4q,,,,,
482556849963954176,2433737761,rephastingsfl,Twitter Web Client,2014-06-27 16:11:33,1,2,According to @CDCgov 1 in 6 individuals in the United States living with HIV don’t know it. Find out your status today! #MyHIVTestingDay,,,,,
482257565007765504,2433737761,rephastingsfl,Twitter Web Client,2014-06-26 20:22:18,0,0,Troubled by today’s #SCOTUS decision. No one should face threats when seeking right to health care. #ProtectTheZone. http://t.co/6Tzder6vhk,,,,,
481908227698081792,2433737761,rephastingsfl,Twitter Web Client,2014-06-25 21:14:09,1,1,Proud to mark 76 years under the #FLSA. Now it's time to give working families a raise. #RaiseTheWage http://t.co/eqdtSn0WOY,,,,,
481900603090952192,2433737761,rephastingsfl,Twitter Web Client,2014-06-25 20:43:51,0,0,Thanks @SusanSarandon for participating on today’s panel on violence against the homeless. http://t.co/vSShztMJxJ,,,,,
481900244071096320,2433737761,rephastingsfl,Twitter Web Client,2014-06-25 20:42:26,0,1,The Homelessness Caucus hosted an important briefing today on violence against the homeless @Ntl_Homeless http://t.co/y7thQ2jJtI,,,,,
481890289268039680,2433737761,rephastingsfl,Twitter Web Client,2014-06-25 20:02:52,0,0,"Congratulations to David Ridgeway, winner of the 2014 #CongressionalArtCompetition for FL-20. http://t.co/e1ZREk9krQ",,,,,
481794924577574912,2433737761,rephastingsfl,Twitter Web Client,2014-06-25 13:43:55,4,1,Pleased to support the Voting Rights Amendment Act to help address the Supreme Court’s Shelby County v. Holder decision. #VRA4Today #VRAA,,,,,
480033775985131520,2433737761,rephastingsfl,Twitter Web Client,2014-06-20 17:05:45,3,1,"More than 50M people are displaced across the globe, the most since World War II.  #WorldRefugeeDay http://t.co/GsnR23196R",,,,,
479721222415327234,2433737761,rephastingsfl,Twitter Web Client,2014-06-19 20:23:46,31,19,Thoughts &amp; prayers are with the families of the three teens kidnapped in Israel. #EyalGiladNaftali #BringBackOurBoys http://t.co/AK8RA89YaG,,,,,
478964020154994688,2433737761,rephastingsfl,Twitter Web Client,2014-06-17 18:14:55,0,0,@USDA_NRCS has made available $300k in FL to support #conservation practices to help reverse the loss of #pollinators http://t.co/GCARjfb9S7,USDA_NRCS,,,,
478963328413626369,2433737761,rephastingsfl,Twitter Web Client,2014-06-17 18:12:10,0,0,Pleased to mark this year’s National #PollinatorWeek . http://t.co/NpIonlmjnO,,,,,
478647307731492864,2433737761,rephastingsfl,Twitter Web Client,2014-06-16 21:16:25,0,0,I applaud @WhiteHouse for taking action to protect LGBT workers. But this is just one step. Congress should finish the job and pass #ENDA,,,,,
477230537770168320,2433737761,rephastingsfl,Twitter Web Client,2014-06-12 23:26:41,3,3,"Yesterday, the House broke its own record for closed-rules. @SpeakerBoehner: where is the open process you pledged? http://t.co/2LVm0kHEmR",,,,,
477188541634465793,2433737761,rephastingsfl,Twitter Web Client,2014-06-12 20:39:48,5,0,Joined @repmarkpocan’s letter to @StateDept asking US stop #TPP negotiations w/ Brunei until human rights addressed http://t.co/amCNTspwnu,,,,,
476432547891924992,2433737761,rephastingsfl,Twitter Web Client,2014-06-10 18:35:45,25,8,3 million Americans have now lost their UI benefits.   It’s past time to fix this. #RenewUI,,,,,
474919458859790339,2433737761,rephastingsfl,Twitter Web Client,2014-06-06 14:23:17,0,0,Thinking today of the courageous heroes of D-Day and all who fought and died during WWII. Proud to honor the greatest generation. #DDay70,,,,,
473854904185135104,2433737761,rephastingsfl,Twitter Web Client,2014-06-03 15:53:07,0,0,"Hurricane season began on June 1, 2014. Here is a list of resources that may be helpful in the event of a hurricane. http://t.co/oCGzGdKEVs",,,,,
472486437536165888,2433737761,rephastingsfl,Twitter Web Client,2014-05-30 21:15:19,0,0,Standing with @LantosFndn after terrible act of anti-Semitism.,,,,,
472468639627882496,2433737761,rephastingsfl,Fireside Publishing,2014-05-30 20:04:36,0,0,"Today, Rep. Denham and I introduced the Highways BEE Act to help protect pollinators. http://t.co/gEXVKU9A03",,,,,
471748264338132993,2433737761,rephastingsfl,Twitter Web Client,2014-05-28 20:22:05,1,0,I have no doubt the words of Maya Angelou will continue to be read and felt for generations to come. #MayaAngelou http://t.co/A0DG7VTXVf,,,,,
468833392579338240,2433737761,rephastingsfl,Twitter Web Client,2014-05-20 19:19:25,15,7,Hosted a Homelessness Caucus briefing on #RenewUI Thanks to a great panel @Ntl_Homeless @First_Focus @naehomelessness http://t.co/Tppn6tmhYV,,,,,
468494944236474368,2433737761,rephastingsfl,Twitter Web Client,2014-05-19 20:54:33,0,0,Thanks to Lakeside Medical Center of Palm Beach County for a great visit last week! http://t.co/YvHukjRZP7,,,,,
466267137246760961,2433737761,rephastingsfl,Twitter Web Client,2014-05-13 17:22:03,0,0,Proud to have received a 100% rating from @UFCW. I will continue to stand with #workingfamilies across the country.,,,,,
466241260379181058,2433737761,rephastingsfl,Twitter Web Client,2014-05-13 15:39:13,0,0,Congrats @SunTrolley for being named Small Business Nonprofit of the Year by Ft. Lauderdale CoC. http://t.co/hNGEymbm30 #SmallBusinessWeek,,,,,
464075819313156096,2433737761,rephastingsfl,Twitter Web Client,2014-05-07 16:14:32,0,1,Proud to wear this ribbon for #FosterCareMonth. We must do more to support #fosteryouth looking for loving families. http://t.co/W6BdmEUwGG,,,,,
464060363290341376,2433737761,rephastingsfl,Twitter Web Client,2014-05-07 15:13:07,1,0,"Rules Cmte. met on the Lois Lerner contempt bill. Congress should #RenewUI and focus on #jobs, not empty scandals. http://t.co/qKAnGZr6ML",,,,,
463793740654456833,2433737761,rephastingsfl,Twitter Web Client,2014-05-06 21:33:39,0,1,Happy 66th #IsraelIndependenceDay. I have been to Israel 15 times and am continuously inspired by the fortitude of the Israeli people.,,,,,
463789414783533058,2433737761,rephastingsfl,Twitter Web Client,2014-05-06 21:16:27,1,4,Thank you to the 3.1 million registered nurses in the United States for your service to our communities. #NursesWeek,,,,,
463783432485879808,2433737761,rephastingsfl,Twitter Web Client,2014-05-06 20:52:41,1,1,Today is National Teacher Day. Be sure to #ThankaTeacher for their hard work.  #TeacherAppreciationWeek,,,,,
461574424089853953,2433737761,rephastingsfl,Twitter Web Client,2014-04-30 18:34:53,1,3,Senate Republicans blocked legislation that would #raisethewage to $10.10 an hour. Disappointed in their continued obstruction.,,,,,
461202043802488832,2433737761,rephastingsfl,Twitter Web Client,2014-04-29 17:55:10,3,2,"Thanks @ShalomShow for having me on to discuss #Israel, #Syria, and Democratic efforts to #RaisetheWage and #RenewUI http://t.co/6XciYj21Dh",,,,,
461158183600263168,2433737761,rephastingsfl,Twitter Web Client,2014-04-29 15:00:53,1,1,It’s been more than 200 days since @HouseDemocrats introduced bipartisan #immigrationreform. #TimeIsNow. http://t.co/6nYdpGxMPW,,,,,
460862896332111873,2433737761,rephastingsfl,Twitter Web Client,2014-04-28 19:27:31,1,0,"This week, we observe the Days of Remembrance and honor the victims of the #Holocaust. #NeverAgain #HolocaustRememberanceDay",,,,,
460825620306743296,2433737761,rephastingsfl,Twitter Web Client,2014-04-28 16:59:24,0,0,"I’m pleased to share this clip from my appearance on Comcast Newsmakers, focused on the crisis in Syria. http://t.co/4Xs7i3uYHi",,,,,
459701322863095808,2433737761,rephastingsfl,Twitter Web Client,2014-04-25 14:31:50,0,1,Thanks @gbennettpost for covering yesterday’s important Town Hall meeting with the Army Corps of Engineers http://t.co/s1xVTemvnA,,,,,
458618983898284032,2433737761,rephastingsfl,Twitter Web Client,2014-04-22 14:51:01,0,0,Proudly honored Tom Kaiser yesterday for his work with veterans in South Florida. http://t.co/8wCjtbewrf http://t.co/dPshTgvITW,,,,,
458312224260771840,2433737761,rephastingsfl,Twitter Web Client,2014-04-21 18:32:03,1,1,"Thanks @_westsidebiads for running my op-ed on #HIV prevention, treatment, and education in the black community http://t.co/dT04FnOOJ3",,,,,
454296693581021184,2433737761,rephastingsfl,Twitter Web Client,2014-04-10 16:35:46,9,5,Joined 131 Reps @RepJimCosta &amp; @BradSchneider to call on @SpeakerBoehner to follow the Senate’s lead and #RenewUI. http://t.co/awmIFYx2ox,,,,,
453886202463387648,2433737761,rephastingsfl,Twitter Web Client,2014-04-09 13:24:38,1,1,The #GOPBudget will cost our economy 3 million jobs in 2016.  Talk about backwards priorities. #PathToPoverty,,,,,
453620722922176512,2433737761,rephastingsfl,Twitter Web Client,2014-04-08 19:49:42,2,1,Time for #PaycheckFairness Florida women employed full-time lose roughly $17 billion every year because of the wage gap. #NoMadMenPay @AAUW,,,,,
