CAMIS,DBA,BORO,BUILDING,STREET,ZIPCODE,PHONE,CUISINE DESCRIPTION,INSPECTION DATE,ACTION,VIOLATION CODE,VIOLATION DESCRIPTION,CRITICAL FLAG,SCORE,GRADE,GRADE DATE,RECORD DATE,INSPECTION TYPE
41639593,LA NUEVA CLASICA ANTILLANA,BROOKLYN,116,MESEROLE STREET,11206,7187824581,Spanish,01/01/1900,,,,Not Applicable,,,,08/02/2015,
41711430,AQUALINA GRILL,BROOKLYN,198,NEPTUNE AVENUE,11235,7188911177,Other,01/01/1900,,,,Not Applicable,,,,08/02/2015,
41719331,GIOVANNI'S ITALIAN PIZZERIA,MANHATTAN,1011      ,COLUMBUS AVENUE                                   ,10025,2126637000,Other,01/01/1900,,,,Not Applicable,,,,08/02/2015,
50006069,CONGEE BOWERY RESTAURANT,MANHATTAN,207,BOWERY,10002,2127662828,Other,01/01/1900,,,,Not Applicable,,,,08/02/2015,
50010020,THE CENTURION LOUNGE,QUEENS,          ,LAGUARDIA AIRPORT                                                                                   ,11369,7187531718,American ,01/01/1900,,,,Not Applicable,,A,,08/02/2015,
50010137,BILL BAKER'S,BROOKLYN,364,GRAND STREET,11211,7187348890,American ,01/01/1900,,,,Not Applicable,,,,08/02/2015,
50013031,COFFEED,QUEENS,4-09,47 ROAD,11101,5166802181,Café/Coffee/Tea,01/01/1900,,,,Not Applicable,,,,08/02/2015,
50013286,Sparta Restaurant Group LLC,QUEENS,271-02,UNION TURNPIKE,11040,9174146898,Other,01/01/1900,,,,Not Applicable,,,,08/02/2015,
50013653,MAGIC SOUL FOOD,BROOKLYN,320,MALCOLM X BOULEVARD,11233,3472953247,Other,01/01/1900,,,,Not Applicable,,,,08/02/2015,
50013837,CARVEL ICE CREAM,QUEENS,103-21,METROPOLITAN AVENUE,11375,3474944691,Other,01/01/1900,,,,Not Applicable,,,,08/02/2015,
50013988,MASUYO ASIAN FUSION,QUEENS,73-01,MAIN STREET,11367,7182681818,Asian,01/01/1900,,,,Not Applicable,,,,08/02/2015,
50014019,Community 54,MANHATTAN,186       ,AVENUE B                                                                                            ,10009,6314458757,Other,01/01/1900,,,,Not Applicable,,,,08/02/2015,
50014518,HARBOR EATS,STATEN ISLAND,1000      ,RICHMOND TERRACE                                                                                    ,10310,9178373872,Other,01/01/1900,,,,Not Applicable,,,,08/02/2015,
50016318,PINOLE,MANHATTAN,179,EAST  115 STREET,10029,2128892055,Other,01/01/1900,,,,Not Applicable,,,,08/02/2015,
50016773,BLUESTONE LANE COFFEE,MANHATTAN,1114      ,AVENUE OF THE AMERICAS                                                                              ,10036,2127640044,Australian,01/01/1900,,,,Not Applicable,,A,,08/02/2015,
50017040,NAKED DOG,BROOKLYN,47,JAVA STREET,11222,3472483610,Other,01/01/1900,,,,Not Applicable,,,,08/02/2015,
50017062,A PLUS PIZZA OF NY INC,BRONX,3414,JEROME AVENUE,10467,7185465900,Other,01/01/1900,,,,Not Applicable,,,,08/02/2015,
50017226,ALOFT Hotel,MANHATTAN,49        ,ANN STREET                                                                                          ,10038,2126251333,Other,01/01/1900,,,,Not Applicable,,,,08/02/2015,
50017231,Alba Bar Cafe,BRONX,2460,WILLIAMSBRIDGE ROAD,10469,7185191111,Other,01/01/1900,,,,Not Applicable,,,,08/02/2015,
50017408,CHICKEN AND SHAKES,QUEENS,183-16,HORACE HARDING EXPRESSWAY,11365,9174030562,Other,01/01/1900,,,,Not Applicable,,,,08/02/2015,
50017538,ELI'S ESSENTIALS,MANHATTAN,1390      ,3 AVENUE                                          ,10075,2127722011,Other,01/01/1900,,,,Not Applicable,,,,08/02/2015,
50017569,PARILLADAS SUNRISE MEXICAN RESTAURANT BAR,QUEENS,83-11,NORTHERN BOULEVARD,11372,3477011586,Other,01/01/1900,,,,Not Applicable,,,,08/02/2015,
50017669,LORNAS AMERICAN & CARRIBEAN RESTAURANT,QUEENS,126-17,MERRICK BOULEVARD,11434,7186685226,Other,01/01/1900,,,,Not Applicable,,,,08/02/2015,
50017938,RILIA,BROOKLYN,567,UNION AVE,11211,7189382661,Other,01/01/1900,,,,Not Applicable,,,,08/02/2015,
50018062,FRIEND OF A FARMER,BROOKLYN,76,MONTAGUE ST,11201,5165474167,Other,01/01/1900,,,,Not Applicable,,,,08/02/2015,
50018141,AMERICAN VEGGIE,QUEENS,6575,WOODHAVEN BLVD,11374,7184593248,"Juice, Smoothies, Fruit Salads",01/01/1900,,,,Not Applicable,,,,08/02/2015,
50018270,572 GRAND PARTNERS,BROOKLYN,572,GRAND ST,11211,6462366807,Other,01/01/1900,,,,Not Applicable,,,,08/02/2015,
50018350,SONS OF THUNDER,MANHATTAN,204,E 38TH ST,10016,6463696234,Other,01/01/1900,,,,Not Applicable,,,,08/02/2015,
50018381,THE HOP SHOP,BROOKLYN,121,COLUMBIA ST,11231,7707136552,American ,01/01/1900,,,,Not Applicable,,,,08/02/2015,
50018434,BROOKLYN ACQUISITION,BROOKLYN,19,WYCKOFF AVE,11237,7183883265,Other,01/01/1900,,,,Not Applicable,,,,08/02/2015,
50018447,,BROOKLYN,1551,NOSTRAND AVE,11226,9172796128,Other,01/01/1900,,,,Not Applicable,,,,08/02/2015,
50018511,SAUVAGE,BROOKLYN,905,LORIMER ST,11222,9174201456,Other,01/01/1900,,,,Not Applicable,,,,08/02/2015,
50018538,,QUEENS,2280A,STEINWAY ST,11105,9292687744,Other,01/01/1900,,,,Not Applicable,,,,08/02/2015,
50018668,SVL BAR,QUEENS,3018B,ASTORIA BLVD,11102,7188446957,Other,01/01/1900,,,,Not Applicable,,,,08/02/2015,
50018848,OAXACA TAQUERIA,MANHATTAN,130,GRAND ST,10013,9175620005,Other,01/01/1900,,,,Not Applicable,,,,08/02/2015,
50018891,ROCHAMBEAU ISLANDS KITCHEN,BRONX,3505,ROCHAMBEAU AVE,10467,7189942566,Other,01/01/1900,,,,Not Applicable,,,,08/02/2015,
50019204,,BRONX,1841,HOBART AVE,10461,7186841860,Other,01/01/1900,,,,Not Applicable,,,,08/02/2015,
50032704,BY CHLOE,MANHATTAN,185,BLEECKER ST,10012,6463584021,Other,01/01/1900,,,,Not Applicable,,,,08/02/2015,
50032750,NO BAD DAYS,BROOKLYN,611A,WILSON AVE,11207,9179290448,Other,01/01/1900,,,,Not Applicable,,,,08/02/2015,
50032793,DAVID SHAPIRO,BROOKLYN,168,BORINQUEN PL,11211,9177504363,Other,01/01/1900,,,,Not Applicable,,,,08/02/2015,
50032795,CHILLAX MANHATTAN BEACH CAFE,BROOKLYN,184,OXFORD ST,11235,7183682445,Other,01/01/1900,,,,Not Applicable,,,,08/02/2015,
50032822,COMFORT INN,BROOKLYN,279,BUTLER ST,11217,7188559600,Other,01/01/1900,,,,Not Applicable,,,,08/02/2015,
50032854,,QUEENS,13342,37TH AVE,11354,7184317198,Other,01/01/1900,,,,Not Applicable,,,,08/02/2015,
50032908,SLIM TO GO,BRONX,1556A,WHITE PLAINS RD,10462,9179668800,Other,01/01/1900,,,,Not Applicable,,,,08/02/2015,
50032963,ASTORIA,QUEENS,2176,21ST ST,11105,3478707319,Other,01/01/1900,,,,Not Applicable,,,,08/02/2015,
50032966,DUNKIN DONUTS,MANHATTAN,625,8TH AVE,10018,2015282436,Other,01/01/1900,,,,Not Applicable,,,,08/02/2015,
50033000,,BROOKLYN,7206,3RD AVE,11209,3474562949,Other,01/01/1900,,,,Not Applicable,,,,08/02/2015,
50033068,ZEUS LOUNGE,BRONX,1793,JEROME AVE,10453,7183167957,Other,01/01/1900,,,,Not Applicable,,,,08/02/2015,
50033092,,QUEENS,8910,ROOSEVELT AVE,11372,3478635010,Other,01/01/1900,,,,Not Applicable,,,,08/02/2015,
50033111,ELITE LOUNGE ,QUEENS,12721,MERRICK BLVD,11434,3474596866,Other,01/01/1900,,,,Not Applicable,,,,08/02/2015,
50033254,GAG POCHA,QUEENS,15814,NORTHERN BLVD,11358,7183536311,Other,01/01/1900,,,,Not Applicable,,,,08/02/2015,
50033317,DAI HING RESTAURANT ,QUEENS,8785,SUTPHIN BLVD,11435,7182986819,Other,01/01/1900,,,,Not Applicable,,,,08/02/2015,
50033319,,BROOKLYN,856,KNICKERBOCKER AVE,11207,7184830916,Other,01/01/1900,,,,Not Applicable,,,,08/02/2015,
50033347,SHANGHAI KITCHEN,BROOKLYN,854,FRANKLIN AVE,11225,7188938485,Other,01/01/1900,,,,Not Applicable,,,,08/02/2015,
50033369,W & W BEANS,MANHATTAN,816       ,BROADWAY                                          ,10003,7186722912,Other,01/01/1900,,,,Not Applicable,,,,08/02/2015,
50033415,SUBWAY,BRONX,839,PROSPECT AVE,10459,7184306690,Other,01/01/1900,,,,Not Applicable,,,,08/02/2015,
50033443,FARO BAR & LOUNGE,QUEENS,18909,JAMAICA AVE,11423,5166432815,Other,01/01/1900,,,,Not Applicable,,,,08/02/2015,
50033482,MONSTER SAVINGS,MANHATTAN,314,E 106TH ST,10029,6463209894,Other,01/01/1900,,,,Not Applicable,,,,08/02/2015,
50033540,EMPIRE EAST PAN ASIAN BISTRO ,STATEN ISLAND,1445,RICHMOND AVE,10314,7189831111,Other,01/01/1900,,,,Not Applicable,,,,08/02/2015,
50033593,La Kermesse De Chietla,BROOKLYN,191,WILSON AVE,11237,7184533088,Other,01/01/1900,,,,Not Applicable,,,,08/02/2015,
50033665,ABBA BAR AND GRILL,BROOKLYN,492,GRAND ST,11211,6467326933,Other,01/01/1900,,,,Not Applicable,,,,08/02/2015,
50033699,ANGEL OF HARLEM,MANHATTAN,2272,FREDERICK DOUGLASS BLVD,10027,2127252353,Caribbean,01/01/1900,,,,Not Applicable,,,,08/02/2015,
50033707,CARRAGHER'S,MANHATTAN,228,W 39TH ST,10018,6462419105,Other,01/01/1900,,,,Not Applicable,,,,08/02/2015,
50033773,HUANG'S GARDEN,MANHATTAN,1834,2ND AVE,10128,6467193214,Other,01/01/1900,,,,Not Applicable,,,,08/02/2015,
50033902,GREEK EATS,MANHATTAN,1229,1ST AVE,10065,2128614976,Other,01/01/1900,,,,Not Applicable,,,,08/02/2015,
50033976,SEAMORE'S,MANHATTAN,390,BROOME ST,10013,9176408008,Other,01/01/1900,,,,Not Applicable,,,,08/02/2015,
50034043,,BRONX,1292,WESTCHESTER AVE,10459,9149807901,Other,01/01/1900,,,,Not Applicable,,,,08/02/2015,
50034079,THE RED DOORS BAR AND GRILL,BROOKLYN,1205,SURF AVE,11224,7184963777,Other,01/01/1900,,,,Not Applicable,,,,08/02/2015,
50034267,NSA,QUEENS,9118,59TH AVE,11373,4693944367,Other,01/01/1900,,,,Not Applicable,,,,08/02/2015,
50034313,WHITSONS CULINARY GROUP AT GSS ROSE HOUSE,BROOKLYN,280,SHEPHERD AVE,11208,7185766290,Other,01/01/1900,,,,Not Applicable,,,,08/02/2015,
50034390,,MANHATTAN,133,JOHN ST,10038,2019563491,Other,01/01/1900,,,,Not Applicable,,,,08/02/2015,
50034452,BONO TRATTORIA,MANHATTAN,3658,BROADWAY,10031,3178171261,Other,01/01/1900,,,,Not Applicable,,,,08/02/2015,
50034478,FRANKY POLLOS,BRONX,2415      ,E TREMONT AVE                                     ,10461,3476418683,Other,01/01/1900,,,,Not Applicable,,,,08/02/2015,
50034555,DUMPLINGS GO,MANHATTAN,516,HUDSON ST,10014,2129891888,Other,01/01/1900,,,,Not Applicable,,,,08/02/2015,
50034556,DECORA PIZZA,BROOKLYN,8125,5TH AVE,11209,7188365200,Pizza,01/01/1900,,,,Not Applicable,,,,08/02/2015,
50034651,PIZZA STUDIO,BROOKLYN,528,GATEWAY DR,11239,7189641100,Other,01/01/1900,,,,Not Applicable,,,,08/02/2015,
50034676,,MANHATTAN,1345,2ND AVE,10021,2125172776,Other,01/01/1900,,,,Not Applicable,,,,08/02/2015,
50034720,,BROOKLYN,2244,CHURCH AVE,11226,3474450882,Other,01/01/1900,,,,Not Applicable,,,,08/02/2015,
50034728,THE MERMAID INN,MANHATTAN,570,AMSTERDAM AVE,10024,2127997400,Other,01/01/1900,,,,Not Applicable,,,,08/02/2015,
50034729,PANDA EXPRESS,MANHATTAN,1277,1ST AVE,10065,6263728203,Other,01/01/1900,,,,Not Applicable,,,,08/02/2015,
50034730,TURNTABLE 5060,MANHATTAN,235,E 4TH ST,10009,2127775060,Other,01/01/1900,,,,Not Applicable,,,,08/02/2015,
50034799,BURGER URWAY,BROOKLYN,465,LINCOLN PL,11238,7186187985,Other,01/01/1900,,,,Not Applicable,,,,08/02/2015,
50034815,FU LI RESTAURANT,BROOKLYN,96,DEKALB AVE,11201,9174000800,Other,01/01/1900,,,,Not Applicable,,,,08/02/2015,
50034839,UNCLE JIMMY'S RESTAURANT,QUEENS,5012,SKILLMAN AVE,11377,7185079099,Other,01/01/1900,,,,Not Applicable,,,,08/02/2015,
50034873,,BRONX,1752,LAFAYETTE AVE,10473,,Other,01/01/1900,,,,Not Applicable,,,,08/02/2015,
50034893,,BRONX,876,E 149TH ST,10455,,Other,01/01/1900,,,,Not Applicable,,,,08/02/2015,
50034908,MADISON SQUARE TAVERN ,MANHATTAN,150,W 30TH ST,10001,2122440430,Other,01/01/1900,,,,Not Applicable,,,,08/02/2015,
50034991,CLUB REPUBLIC,BROOKLYN,990,BROADWAY,11221,9173373068,Other,01/01/1900,,,,Not Applicable,,,,08/02/2015,
50034996,WINE DISCIPLES ENOTECA,MANHATTAN,133,W 29TH ST,10001,6462585438,Other,01/01/1900,,,,Not Applicable,,,,08/02/2015,
50035053,BOB'S YOUR UNCLE,MANHATTAN,929,COLUMBUS AVE,10025,6463198500,Other,01/01/1900,,,,Not Applicable,,,,08/02/2015,
50035055,,QUEENS,9310,ROOSEVELT AVE,11372,3476665226,Other,01/01/1900,,,,Not Applicable,,,,08/02/2015,
50035069,OSO,MANHATTAN,1616,AMSTERDAM AVE,10031,3478932508,Mexican,01/01/1900,,,,Not Applicable,,,,08/02/2015,
50035070,,BROOKLYN,7921,5TH AVE,11209,71873148455,Other,01/01/1900,,,,Not Applicable,,,,08/02/2015,
50035073,BIRCH COFFEE,MANHATTAN,432,3RD AVE,10016,9178416564,Other,01/01/1900,,,,Not Applicable,,,,08/02/2015,
50035088,BAM SPORTSBAR & GRILL,STATEN ISLAND,3937,AMBOY RD,10308,7189670001,Other,01/01/1900,,,,Not Applicable,,,,08/02/2015,
50035197,BURNSIDE BISCUITS,QUEENS,3207,30TH AVE,11102,3477821123,Other,01/01/1900,,,,Not Applicable,,,,08/02/2015,
50035251,,QUEENS,13631,41ST AVE,11355,,Other,01/01/1900,,,,Not Applicable,,,,08/02/2015,
50035264,CHIPOTLE MEXICAN GRILL #2312,QUEENS,25465,HORACE HARDING EXPY,11362,3035954000,Other,01/01/1900,,,,Not Applicable,,,,08/02/2015,
50035265,CHIPOTLE MEXICAN GRILL #1836,MANHATTAN,325,S END AVE,10280,3035955620,Other,01/01/1900,,,,Not Applicable,,,,08/02/2015,
50035307,,BROOKLYN,87,CENTRAL AVE,11206,,Other,01/01/1900,,,,Not Applicable,,,,08/02/2015,
50035310,DANTE,MANHATTAN,79,MACDOUGAL ST,10012,3477075656,Other,01/01/1900,,,,Not Applicable,,,,08/02/2015,
50035315,SEA SKY KTV,QUEENS,4620,KISSENA BLVD,11355,7185835598,Other,01/01/1900,,,,Not Applicable,,,,08/02/2015,
50035316,STARBUCKS COFFEE,MANHATTAN,875,3RD AVE,10022,2126159700,Other,01/01/1900,,,,Not Applicable,,,,08/02/2015,
50035325,NY EMMY'S,BROOKLYN,718,MANHATTAN AVE,11222,3478651675,Other,01/01/1900,,,,Not Applicable,,,,08/02/2015,
50035336,POULETTE,MANHATTAN,426,AMSTERDAM AVE,10024,3474200714,Other,01/01/1900,,,,Not Applicable,,,,08/02/2015,
50035346,2 BACI PIZZERIA,BROOKLYN,345A,NOSTRAND AVE,11216,7185766161,Other,01/01/1900,,,,Not Applicable,,,,08/02/2015,
50035353,LA PECORA BIANCA,MANHATTAN,1133,BROADWAY,10010,2124989696,Other,01/01/1900,,,,Not Applicable,,,,08/02/2015,
50035381,WENDYS,BROOKLYN,621,BRIGHTON BEACH AVE,11235,6147643100,Other,01/01/1900,,,,Not Applicable,,,,08/02/2015,
50035388,MATSUMI ,MANHATTAN,323,3RD AVE,10010,9177037837,Other,01/01/1900,,,,Not Applicable,,,,08/02/2015,
50035399,PANINO ITALIANO,BROOKLYN,5801,AVENUE N,11234,7188727000,Other,01/01/1900,,,,Not Applicable,,,,08/02/2015,
50035401,,BROOKLYN,601,VANDERBILT AVE,11238,,Other,01/01/1900,,,,Not Applicable,,,,08/02/2015,
50035429,,QUEENS,4814,SKILLMAN AVE,11104,9175029920,Other,01/01/1900,,,,Not Applicable,,,,08/02/2015,
50035434,,QUEENS,9313,ROOSEVELT AVE,11372,646639467,Other,01/01/1900,,,,Not Applicable,,,,08/02/2015,
50035437,,MANHATTAN,4,W 28TH ST,10001,,Other,01/01/1900,,,,Not Applicable,,,,08/02/2015,
50035464,CHEF JAN GOURMET,STATEN ISLAND,100,LINCOLN AVE,10306,7183518880,Chinese,01/01/1900,,,,Not Applicable,,,,08/02/2015,
50035492,BROOKLYN BLEND,BROOKLYN,196,TOMPKINS AVE,11206,9176649379,Other,01/01/1900,,,,Not Applicable,,,,08/02/2015,
50035547,TASTE OF PAKISTAN,STATEN ISLAND,1970,VICTORY BLVD,10314,3475430341,Other,01/01/1900,,,,Not Applicable,,,,08/02/2015,
50035551,DRINK,BROOKLYN,768,FRANKLIN AVE,11238,9176097050,Other,01/01/1900,,,,Not Applicable,,,,08/02/2015,
50035589,DAE SONG CHINESE RESAURANT,QUEENS,4332,CORPORAL KENNEDY ST,11361,7188885731,Chinese,01/01/1900,,,,Not Applicable,,,,08/02/2015,
50035600,,BROOKLYN,871,3RD AVE,11232,7185703971,Other,01/01/1900,,,,Not Applicable,,,,08/02/2015,
50035606,BROADWAY FOOD MART,QUEENS,8320,BROADWAY,11373,9292404790,Other,01/01/1900,,,,Not Applicable,,,,08/02/2015,
50035614,ELUDZ LOUNGE,BROOKLYN,1904,UTICA AVE,11234,7184511010,Other,01/01/1900,,,,Not Applicable,,,,08/02/2015,
50035651,OTTO'S TACO,MANHATTAN,705,9TH AVE,10019,6469186344,Mexican,01/01/1900,,,,Not Applicable,,,,08/02/2015,
50035661,PEQUE VINOS + TAPAS,MANHATTAN,231,W 145TH ST,10039,9177510055,Tapas,01/01/1900,,,,Not Applicable,,,,08/02/2015,
50035675,LEYENDA,BROOKLYN,221,SMITH ST,11201,3479873260,Other,01/01/1900,,,,Not Applicable,,,,08/02/2015,
50035681,ROAST,MANHATTAN,1569,LEXINGTON AVE,10029,9173229287,Other,01/01/1900,,,,Not Applicable,,,,08/02/2015,
50035686,TOBY'S ESTATE COFFEE VANDERBILT,MANHATTAN,230,PARK AVE,10169,3474576160,Other,01/01/1900,,,,Not Applicable,,,,08/02/2015,
50035724,,BROOKLYN,8424,13TH AVE,11228,7187597100,Other,01/01/1900,,,,Not Applicable,,,,08/02/2015,
50035745,HAPPY LAND,BRONX,2028,JEROME AVE,10453,,Other,01/01/1900,,,,Not Applicable,,,,08/02/2015,
50035750,,BROOKLYN,167,MARCUS GARVEY BLVD,11221,71822460030,Other,01/01/1900,,,,Not Applicable,,,,08/02/2015,
50035765,SMASHBURGER,BRONX,4325,BOSTON RD,10466,3479134169,Other,01/01/1900,,,,Not Applicable,,,,08/02/2015,
50035769,MOLOKO,BROOKLYN,705,MYRTLE AVE,11205,7185963624,"Bottled beverages, including water, sodas, juices, etc.",01/01/1900,,,,Not Applicable,,,,08/02/2015,
50035783,,MANHATTAN,332,E 116TH ST,10029,9175790003,Other,01/01/1900,,,,Not Applicable,,,,08/02/2015,
50035833,DUNKIN DONUTS,MANHATTAN,553,MANHATTAN AVE,10027,9175669651,Other,01/01/1900,,,,Not Applicable,,,,08/02/2015,
50035844,Pig Beach,BROOKLYN,452,UNION ST,11231,7323714625,Other,01/01/1900,,,,Not Applicable,,,,08/02/2015,
50035849,COLD STONE CREAMERY,QUEENS,2598,STEINWAY ST,11103,5163010943,Other,01/01/1900,,,,Not Applicable,,,,08/02/2015,
50035857,TACO RECIPE,MANHATTAN,23,ESSEX ST,10002,6462043455,Other,01/01/1900,,,,Not Applicable,,,,08/02/2015,
50035896,TEQUILITAS INC,BROOKLYN,7210,NEW UTRECHT AVE,11228,3479151333,Other,01/01/1900,,,,Not Applicable,,,,08/02/2015,
50035898,,QUEENS,14934,GUY R BREWER BLVD,11434,7189955327,Other,01/01/1900,,,,Not Applicable,,,,08/02/2015,
50035995,BABU JI,MANHATTAN,175,AVENUE B,10009,9173308980,Other,01/01/1900,,,,Not Applicable,,,,08/02/2015,
50036006,PUERTA DEL SOL RESTAURANT,BROOKLYN,1550,BAY RIDGE AVE,11219,3474924488,Spanish,01/01/1900,,,,Not Applicable,,,,08/02/2015,
50036014,,MANHATTAN,335,8TH AVE,10001,,Other,01/01/1900,,,,Not Applicable,,,,08/02/2015,
50036029,NOWADAYS,QUEENS,5606,COOPER AVE,11385,9175411321,Other,01/01/1900,,,,Not Applicable,,,,08/02/2015,
50036055,,MANHATTAN,3803,10TH AVE,10034,9176734055,Other,01/01/1900,,,,Not Applicable,,,,08/02/2015,
50036056,ALBERTA MEXICAN CUSINE,QUEENS,3781,103RD ST,11368,,Other,01/01/1900,,,,Not Applicable,,,,08/02/2015,
50036060,PAMPLE MOUSSE CAFE,QUEENS,12518,QUEENS BLVD,11415,7183506043,Other,01/01/1900,,,,Not Applicable,,,,08/02/2015,
50036062,SECARA,MANHATTAN,234,E 4TH ST,10009,2019204389,Other,01/01/1900,,,,Not Applicable,,,,08/02/2015,
50036082,LITTLE CAESARS,QUEENS,9422,LIBERTY AVE,11417,5162870384,Pizza,01/01/1900,,,,Not Applicable,,,,08/02/2015,
50036116,,BROOKLYN,7216,5TH AVE,11209,7187450777,Other,01/01/1900,,,,Not Applicable,,,,08/02/2015,
50036123,SCHATZIE PRIME MEAT,MANHATTAN,2665,BROADWAY,10025,2124101555,Other,01/01/1900,,,,Not Applicable,,,,08/02/2015,
50036174,WILSON'S,BROOKLYN,164,WILSON AVE,11237,7185766003,Other,01/01/1900,,,,Not Applicable,,,,08/02/2015,
50036175,,BROOKLYN,551,RIDGEWOOD AVE,11208,7186472316,Other,01/01/1900,,,,Not Applicable,,,,08/02/2015,
50036177,DAILY GRIND COFFEE CO,MANHATTAN,65,NASSAU ST,10038,3192300768,Other,01/01/1900,,,,Not Applicable,,,,08/02/2015,
50036179,GABRIEL KREUTHER/PDR,MANHATTAN,37,W 42ND ST,10036,2122575826,French,01/01/1900,,,,Not Applicable,,,,08/02/2015,
50036220,ROOF AT PARK SOUTH,MANHATTAN,124,E 28TH ST,10016,2122045222,Other,01/01/1900,,,,Not Applicable,,,,08/02/2015,
50036222,ASTORIA CRAFT,QUEENS,1801,26TH RD,11102,2122450564,American ,01/01/1900,,,,Not Applicable,,,,08/02/2015,
50036224,NAZCA RESTAURANT,QUEENS,3420,BROADWAY,11106,3474334224,Peruvian,01/01/1900,,,,Not Applicable,,,,08/02/2015,
50036229,STARBUCKS COFFEE COMPANY # 23044,MANHATTAN,11,PENN PLZ,10001,2126159700,Other,01/01/1900,,,,Not Applicable,,,,08/02/2015,
50036256,,BROOKLYN,2928      ,AVENUE P                                                                                            ,11229,7189982026,Other,01/01/1900,,,,Not Applicable,,,,08/02/2015,
50036259,BAR AT THE GREGORY,MANHATTAN,42,W 35TH ST,10001,2125644878,Other,01/01/1900,,,,Not Applicable,,,,08/02/2015,
50036263,MRS. GREEN'S NATURAL MARKET,MANHATTAN,585,HUDSON ST,10014,9142194761,Other,01/01/1900,,,,Not Applicable,,,,08/02/2015,
50036265,DUMPLINGGO,MANHATTAN,350,3RD AVE,10010,2122138588,Other,01/01/1900,,,,Not Applicable,,,,08/02/2015,
50036275,,BROOKLYN,1258,FLATBUSH AVE,11226,7183607166,Other,01/01/1900,,,,Not Applicable,,,,08/02/2015,
50036298,BURGER KING,BROOKLYN,524,FULTON ST,11201,3476893405,American ,01/01/1900,,,,Not Applicable,,,,08/02/2015,
50036306,GARDEN TEA HOUSE,STATEN ISLAND,105,GUYON AVE,10306,7186671417,Continental,01/01/1900,,,,Not Applicable,,,,08/02/2015,
50036313,NYC HANDCRAFTED,MANHATTAN,367,3RD AVE,10016,2126893000,American ,01/01/1900,,,,Not Applicable,,,,08/02/2015,
50036317,,QUEENS,3460,JUNCTION BLVD,11372,7185651188,Other,01/01/1900,,,,Not Applicable,,,,08/02/2015,
50036340,HARDEE CHINESE,BROOKLYN,1645,SAINT JOHNS PL,11233,7187786392,Other,01/01/1900,,,,Not Applicable,,,,08/02/2015,
50036343,,BROOKLYN,484,UNION AVE,11211,,Other,01/01/1900,,,,Not Applicable,,,,08/02/2015,
50036355,,BROOKLYN,2223,AVENUE X,11235,3474622680,Other,01/01/1900,,,,Not Applicable,,,,08/02/2015,
50036378,MR. FONG'S,MANHATTAN,40,MARKET ST,10002,4153176266,Other,01/01/1900,,,,Not Applicable,,,,08/02/2015,
50036389,RED HOOK LOBSTER POUND,BROOKLYN,3033,STILLWELL AVE,11224,9176279489,Other,01/01/1900,,,,Not Applicable,,,,08/02/2015,
50036394,BROWN SUGAR BAR & RESTAURANT,MANHATTAN,5060,BROADWAY,10034,3475431105,Spanish,01/01/1900,,,,Not Applicable,,,,08/02/2015,
50036412,La Gloria,QUEENS,2589,STEINWAY ST,11103,9179433573,Other,01/01/1900,,,,Not Applicable,,,,08/02/2015,
50036464,U IZIKA,BROOKLYN,200,NEPTUNE AVE,11235,7188387777,Other,01/01/1900,,,,Not Applicable,,,,08/02/2015,
50036468,CHOP'T - NEW YORK PLAZA,MANHATTAN,1,NEW YORK PLZ,10004,2125424619,Other,01/01/1900,,,,Not Applicable,,,,08/02/2015,
50036483,,QUEENS,5738,MYRTLE AVE,11385,7184063435,Other,01/01/1900,,,,Not Applicable,,,,08/02/2015,
50036507,THE BASHI CHANNEL,BROOKLYN,1120,CORTELYOU RD,11218,9172991733,Other,01/01/1900,,,,Not Applicable,,,,08/02/2015,
50036511,MATIN LATIN CUISINE,QUEENS,11072,QUEENS BLVD,11375,3473273740,Spanish,01/01/1900,,,,Not Applicable,,,,08/02/2015,
50036516,,QUEENS,13174,MAPLE AVE,11355,9176799999,Other,01/01/1900,,,,Not Applicable,,,,08/02/2015,
50036525,CHOP'T,MANHATTAN,345,AMSTERDAM AVE,10024,2125244619,Other,01/01/1900,,,,Not Applicable,,,,08/02/2015,
50036529,EQUINOX,MANHATTAN,1633      ,BROADWAY                                                                                            ,10019,6467478600,Other,01/01/1900,,,,Not Applicable,,,,08/02/2015,
50036539,DUNKIN DONUTS,QUEENS,13344,150TH ST,11436,5164727100,Other,01/01/1900,,,,Not Applicable,,,,08/02/2015,
50036546,FOOD FOR TOTS RESTAURANT,BROOKLYN,609,FOUNTAIN AVE,11208,3473512196,Other,01/01/1900,,,,Not Applicable,,,,08/02/2015,
50036556,MR. CRIOLLO CAFE,BRONX,1748,E 174TH ST,10472,9179405728,Other,01/01/1900,,,,Not Applicable,,,,08/02/2015,
50036587,EXCHANGE BAR & GRILL,MANHATTAN,256,3RD AVE,10010,6465969039,Other,01/01/1900,,,,Not Applicable,,,,08/02/2015,
50036589,GEORGE'S PIZZA,MANHATTAN,726,W 181ST ST,10033,2125686891,Other,01/01/1900,,,,Not Applicable,,,,08/02/2015,
50036594,,BROOKLYN,844,JAMAICA AVE,11208,6315707084,Other,01/01/1900,,,,Not Applicable,,,,08/02/2015,
50036597,LUCKY CHEN RESTURANT,BROOKLYN,1266,BROADWAY,11221,7185733780,Chinese,01/01/1900,,,,Not Applicable,,,,08/02/2015,
50036603,WERKSTATT,BROOKLYN,509,CONEY ISLAND AVE,11218,9175977831,Other,01/01/1900,,,,Not Applicable,,,,08/02/2015,
50036606,MAGIC GYRO,BROOKLYN,2943,STILLWELL AVE,11224,6469960328,Turkish,01/01/1900,,,,Not Applicable,,,,08/02/2015,
50036616,,QUEENS,3704,30TH AVE,11103,7184408792,Other,01/01/1900,,,,Not Applicable,,,,08/02/2015,
50036617,,QUEENS,13204,CROSSBAY BLVD,11417,9172949762,Other,01/01/1900,,,,Not Applicable,,,,08/02/2015,
50036638,,BRONX,2258,WEBSTER AVE,10457,7186180588,Other,01/01/1900,,,,Not Applicable,,,,08/02/2015,
50036647,SOUTHWEST PORCH,MANHATTAN,41,W 40TH ST,10018,,Other,01/01/1900,,,,Not Applicable,,,,08/02/2015,
50036650,MACCHINA,MANHATTAN,2758,BROADWAY,10025,9173647809,Italian,01/01/1900,,,,Not Applicable,,,,08/02/2015,
50036651,VATAN,MANHATTAN,409,3RD AVE,10016,2126895666,Indian,01/01/1900,,,,Not Applicable,,,,08/02/2015,
50036653,JEFFERIES CAFE,MANHATTAN,520,MADISON AVE,10022,9172430038,Other,01/01/1900,,,,Not Applicable,,,,08/02/2015,
50036654,JEFFERIES CAFE (5th Floor),MANHATTAN,520,MADISON AVE,10022,3472667551,Delicatessen,01/01/1900,,,,Not Applicable,,,,08/02/2015,
50036665,,MANHATTAN,462,9TH AVE,10018,9179157908,Other,01/01/1900,,,,Not Applicable,,,,08/02/2015,
50036677,PALACE FRIED FRIED CHICKEN,QUEENS,9621,ROCKAWAY BLVD,11417,9174365666,Other,01/01/1900,,,,Not Applicable,,,,08/02/2015,
50036682,FEEL GOOD,QUEENS,4708,48TH ST,11377,34779722323,Other,01/01/1900,,,,Not Applicable,,,,08/02/2015,
50036692,MILK N' HONEY,MANHATTAN,160,BROADWAY,10038,2123624165,American ,01/01/1900,,,,Not Applicable,,,,08/02/2015,
50036693,,MANHATTAN,594,8TH AVE,10018,5163016975,Other,01/01/1900,,,,Not Applicable,,,,08/02/2015,
50036696,,MANHATTAN,1187,AMSTERDAM AVE,10027,,Other,01/01/1900,,,,Not Applicable,,,,08/02/2015,
50036701,EXCELL'S  KINGSTON  EATERY,BROOKLYN,1202,BOWERY ST,11224,5168499252,Other,01/01/1900,,,,Not Applicable,,,,08/02/2015,
50036715,BLUESTONE LANE,MANHATTAN,2,E 90TH ST,10128,9176643030,Other,01/01/1900,,,,Not Applicable,,,,08/02/2015,
50036718,MOFONGO NY,BROOKLYN,3033,STILLWELL AVE,11224,,Other,01/01/1900,,,,Not Applicable,,,,08/02/2015,
50036723,BOLAS GARDEN ,BROOKLYN,218,REMSEN AVE,11212,7189778895,Caribbean,01/01/1900,,,,Not Applicable,,,,08/02/2015,
50036728,ISLAND SALAD,BROOKLYN,1365,FULTON ST,11216,3479151222,Caribbean,01/01/1900,,,,Not Applicable,,,,08/02/2015,
50036737,BREADS BAKERY,MANHATTAN,41,W 40TH ST,10018,2126971463,Other,01/01/1900,,,,Not Applicable,,,,08/02/2015,
50036743,LA NEW YORKINA,BROOKLYN,1320,BOWERY ST,11224,9177832850,Mexican,01/01/1900,,,,Not Applicable,,,,08/02/2015,
50036745,WILDAIR ,MANHATTAN,140,ORCHARD ST,10002,6469645624,American ,01/01/1900,,,,Not Applicable,,,,08/02/2015,
50036750,BAR 9,MANHATTAN,807,9TH AVE,10019,2123999336,Other,01/01/1900,,,,Not Applicable,,,,08/02/2015,
50036761,BROOKLYN NIGHTS BAR AND GRILL,BROOKLYN,497,DEKALB AVE,11205,7184841879,Other,01/01/1900,,,,Not Applicable,,,,08/02/2015,
50036780,CAPITAL ONE CAFE,MANHATTAN,299,PARK AVE,10171,91724330038,Other,01/01/1900,,,,Not Applicable,,,,08/02/2015,
50036790,RAMEN ZUNDO-YA,MANHATTAN,84,E 10TH ST,10003,,Other,01/01/1900,,,,Not Applicable,,,,08/02/2015,
50036794,Smorgasburg,BROOKLYN,1319,BOWERY ST,11224,7187054580,Other,01/01/1900,,,,Not Applicable,,,,08/02/2015,
50036813,ICES & ICE CREAM ON THE BAY INC,STATEN ISLAND,587,BAY ST,10304,3474476841,Other,01/01/1900,,,,Not Applicable,,,,08/02/2015,
50036818,DUNKIN DONUTS,MANHATTAN,153,W 36TH ST,10018,2123959280,Other,01/01/1900,,,,Not Applicable,,,,08/02/2015,
50036832,ARCHWAY LIGHTHOUSE,BROOKLYN,126,FRONT ST,11201,7185525035,Other,01/01/1900,,,,Not Applicable,,,,08/02/2015,
50036838,R&N Family Pizzeria,QUEENS,10911,FARMERS BLVD,11412,9176839249,Other,01/01/1900,,,,Not Applicable,,,,08/02/2015,
50036856,COFFEED Corporation,MANHATTAN,41,W 40TH ST,10018,9174037664,Other,01/01/1900,,,,Not Applicable,,,,08/02/2015,
50036867,SAPORE DI CASA,QUEENS,22330,UNION TPKE,11364,7182175555,Other,01/01/1900,,,,Not Applicable,,,,08/02/2015,
50036877,BROOKLYN DELIGHT,BROOKLYN,1636,CONEY ISLAND AVE,11230,7188484881,Other,01/01/1900,,,,Not Applicable,,,,08/02/2015,
50036890,NEW SHANGHAI TIDE RESTAURANT,QUEENS,13520,40TH RD,11354,7186610900,Other,01/01/1900,,,,Not Applicable,,,,08/02/2015,
50036893,CHOCOLATE WINE AND CHEESE,QUEENS,4734,VERNON BLVD,11101,3479944874,Other,01/01/1900,,,,Not Applicable,,,,08/02/2015,
50036921,MAZI NIGHTCLUB INC.,QUEENS,13035,91ST AVE,11418,5165515682,Other,01/01/1900,,,,Not Applicable,,,,08/02/2015,
50036927,,BRONX,2680,SCHURZ AVE,10465,7188929393,Other,01/01/1900,,,,Not Applicable,,,,08/02/2015,
50036928,,BROOKLYN,1047,LIBERTY AVE,11208,7183489201,Other,01/01/1900,,,,Not Applicable,,,,08/02/2015,
50036930,,BROOKLYN,922A,4TH AVE,11232,7188320200,Other,01/01/1900,,,,Not Applicable,,,,08/02/2015,
50036944,,MANHATTAN,103,W 70TH ST,10023,2127998100,Other,01/01/1900,,,,Not Applicable,,,,08/02/2015,
50036945,,BROOKLYN,7721,5TH AVE,11209,7183335662,Other,01/01/1900,,,,Not Applicable,,,,08/02/2015,
50036974,,STATEN ISLAND,4069,HYLAN BLVD,10308,7183568446,Other,01/01/1900,,,,Not Applicable,,,,08/02/2015,
50036983,EL SUPER,BROOKLYN,3003,STILLWELL AVE,11224,9176204105,Mexican,01/01/1900,,,,Not Applicable,,,,08/02/2015,
50037002,,MANHATTAN,812,W 181ST ST,10033,2125682630,Other,01/01/1900,,,,Not Applicable,,,,08/02/2015,
50037004,NEW THANKS GIVING CHINESE RESTAURANT,BROOKLYN,1736,NOSTRAND AVE,11226,7182825307,Other,01/01/1900,,,,Not Applicable,,,,08/02/2015,
50037007,LLUVIA DE ESPERANZA,QUEENS,3308,106TH ST,11368,7183864968,Other,01/01/1900,,,,Not Applicable,,,,08/02/2015,
50037013,EMBERS RESTAURANT,BROOKLYN,9519,3RD AVE,11209,7187453700,Other,01/01/1900,,,,Not Applicable,,,,08/02/2015,
50037014,,QUEENS,3602,STEINWAY ST,11101,7183831313,Other,01/01/1900,,,,Not Applicable,,,,08/02/2015,
50037018,,MANHATTAN,644,LEXINGTON AVE,10022,2672906890,Other,01/01/1900,,,,Not Applicable,,,,08/02/2015,
50037026,LTK PIZZA CORP,BROOKLYN,1654,86TH ST,11214,9175194786,Other,01/01/1900,,,,Not Applicable,,,,08/02/2015,
50037044,,MANHATTAN,163,1ST AVE,10003,2122290031,Other,01/01/1900,,,,Not Applicable,,,,08/02/2015,
50037049,,BRONX,1320,JEROME AVE,10452,3475907067,Other,01/01/1900,,,,Not Applicable,,,,08/02/2015,
50037052,,BROOKLYN,340,BEDFORD AVE,11249,9177210256,Other,01/01/1900,,,,Not Applicable,,,,08/02/2015,
50037055,TAXI MEDITERRANEAN,MANHATTAN,691,10TH AVE,10036,2127571340,Other,01/01/1900,,,,Not Applicable,,,,08/02/2015,
50037058,PACIFIC KITCHEN,STATEN ISLAND,4255,AMBOY RD,10308,71894868888,Other,01/01/1900,,,,Not Applicable,,,,08/02/2015,
50037060,LA CASA DEL SABOR,BRONX,2728,E TREMONT AVE,10461,3472819865,Other,01/01/1900,,,,Not Applicable,,,,08/02/2015,
50037065,,BROOKLYN,6221,FORT HAMILTON PKWY,11219,7186882778,Other,01/01/1900,,,,Not Applicable,,,,08/02/2015,
50037067,FAMOUS CHICKEN & HERO EXPRESS,QUEENS,6402,MYRTLE AVE,11385,7183662301,Other,01/01/1900,,,,Not Applicable,,,,08/02/2015,
50037075,,MANHATTAN,1659,1ST AVE,10028,2123482878,Other,01/01/1900,,,,Not Applicable,,,,08/02/2015,
50037080,SUMMERS ,MANHATTAN,169,THOMPSON ST,10012,9179290448,Café/Coffee/Tea,01/01/1900,,,,Not Applicable,,,,08/02/2015,
50037092,SUBWAY,QUEENS,13240,METROPOLITAN AVE,11418,5166975264,Other,01/01/1900,,,,Not Applicable,,,,08/02/2015,
50037100,OJ CLEANSE INC.,BROOKLYN,85,BERGEN ST,11201,9173761993,Other,01/01/1900,,,,Not Applicable,,,,08/02/2015,
50037104,,BROOKLYN,113,N 7TH ST,11249,9174558999,Other,01/01/1900,,,,Not Applicable,,,,08/02/2015,
50037111,,MANHATTAN,677,5TH AVE,10022,8139489100,Other,01/01/1900,,,,Not Applicable,,,,08/02/2015,
50037121,,MANHATTAN,3668,BROADWAY,10031,646 327 1915,Other,01/01/1900,,,,Not Applicable,,,,08/02/2015,
50037123,,MANHATTAN,4,CORTLANDT ST,10007,2125665079,Other,01/01/1900,,,,Not Applicable,,,,08/02/2015,
50037125,BLUE MARBLE ICE CREAM,BROOKLYN,1319,BOWERY ST,11224,7188585551,Other,01/01/1900,,,,Not Applicable,,,,08/02/2015,
50037137,,MANHATTAN,98        ,BOWERY                                                                                              ,10013,2129650076,Other,01/01/1900,,,,Not Applicable,,,,08/02/2015,
50037139,,BROOKLYN,1619,NEPTUNE AVE,11224,7182002307,Other,01/01/1900,,,,Not Applicable,,,,08/02/2015,
50037148,DUNKIN DONUTS,STATEN ISLAND,585,VETERANS RD W,10309,6462478101,Other,01/01/1900,,,,Not Applicable,,,,08/02/2015,
50037152,PAPA JOHN'S PIZZA,MANHATTAN,703,LENOX AVE,10039,2124917272,Other,01/01/1900,,,,Not Applicable,,,,08/02/2015,
50037154,,BRONX,1542,UNIVERSITY AVE,10452,6467730443,Other,01/01/1900,,,,Not Applicable,,,,08/02/2015,
50037181,,BROOKLYN,3910,4TH AVE,11232,7187682846,Other,01/01/1900,,,,Not Applicable,,,,08/02/2015,
50037190,CROWN FRIED CHICKEN,MANHATTAN,362,E 112TH ST,10029,2128283002,American ,01/01/1900,,,,Not Applicable,,,,08/02/2015,
50037230,LISTO EL CHIMI,QUEENS,5530,MYRTLE AVE,11385,3474891221,Spanish,01/01/1900,,,,Not Applicable,,,,08/02/2015,
50037240,,QUEENS,8060,LEFFERTS BLVD,11415,,Other,01/01/1900,,,,Not Applicable,,,,08/02/2015,
50037265,,BROOKLYN,660,KNICKERBOCKER AVE,11221,3474557852,Other,01/01/1900,,,,Not Applicable,,,,08/02/2015,
50037268,NEW FU XING CHINESE RESTAURANT,BRONX,247,E 172ND ST,10457,7184664874,Other,01/01/1900,,,,Not Applicable,,,,08/02/2015,
50037273,PANTASTIC,QUEENS,4202,NORTHERN BLVD,11101,7183520884,Other,01/01/1900,,,,Not Applicable,,,,08/02/2015,
50037289,,QUEENS,8407,JAMAICA AVE,11421,,Other,01/01/1900,,,,Not Applicable,,,,08/02/2015,
50037292,,BROOKLYN,658,E 3RD ST,11218,,Other,01/01/1900,,,,Not Applicable,,,,08/02/2015,
50037297,PADOCA BAKERY,MANHATTAN,359,E 68TH ST,10065,9174883720,Other,01/01/1900,,,,Not Applicable,,,,08/02/2015,
50037300,ESTACION  GRILL & BAR,QUEENS,4212,BROADWAY,11103,7187219234,Other,01/01/1900,,,,Not Applicable,,,,08/02/2015,
50037301,,MANHATTAN,142,NAGLE AVE,10040,3474392379,Other,01/01/1900,,,,Not Applicable,,,,08/02/2015,
50037303,CAFFEBENE FIT,MANHATTAN,299,7TH AVE,10001,2125755484,Other,01/01/1900,,,,Not Applicable,,,,08/02/2015,
50037306,,BRONX,4367,WEBSTER AVE,10470,3476478898,Other,01/01/1900,,,,Not Applicable,,,,08/02/2015,
50037311,,QUEENS,3313,108TH ST,11368,7185659598,Other,01/01/1900,,,,Not Applicable,,,,08/02/2015,
50037313,DON COQUI,MANHATTAN,186,DYCKMAN ST,10040,9146484848,Other,01/01/1900,,,,Not Applicable,,,,08/02/2015,
50037316,TASTE OF BROOKLYN,BROOKLYN,429,ROGERS AVE,11225,718 469 2233,Other,01/01/1900,,,,Not Applicable,,,,08/02/2015,
50037324,HAMPTON INN TIMES SQUARE,MANHATTAN,220,W 41ST ST,10036,8643274038,Other,01/01/1900,,,,Not Applicable,,,,08/02/2015,
50037328,PADORA,MANHATTAN,359,E 68TH ST,10065,9174883720,Other,01/01/1900,,,,Not Applicable,,,,08/02/2015,
50037339,NO. 1 KITCHEN ASTORIA,QUEENS,3023,30TH AVE,11102,7186263633,Other,01/01/1900,,,,Not Applicable,,,,08/02/2015,
50037340,,BROOKLYN,2901,OCEAN AVE,11235,,Other,01/01/1900,,,,Not Applicable,,,,08/02/2015,
50037352,SSP ICE CREAM KIOSK,QUEENS,NKA,JFK INTERNATIONAL AIRPORT,11430,,Other,01/01/1900,,,,Not Applicable,,,,08/02/2015,
50037359,SMOOTHIE HAVEN,QUEENS,7416,BEACH CHANNEL DR,11692,4049933479,"Juice, Smoothies, Fruit Salads",01/01/1900,,,,Not Applicable,,,,08/02/2015,
50037368,STARBUCKS COFFEE COMPANY,BRONX,5520,BROADWAY,10463,,Other,01/01/1900,,,,Not Applicable,,,,08/02/2015,
50037369,STARBUCKS COFFEE,MANHATTAN,240,MANHATTAN AVE,10026,,Other,01/01/1900,,,,Not Applicable,,,,08/02/2015,
50037372,,MANHATTAN,3772      ,BROADWAY                                                                                            ,10032,8498163858,Other,01/01/1900,,,,Not Applicable,,,,08/02/2015,
50037375,JOYA HALL,QUEENS,63108,WOODHAVEN BLVD,11374,9173282239,Other,01/01/1900,,,,Not Applicable,,,,08/02/2015,
50037376,FALAFELLAS NYC,MANHATTAN,29,JOHN ST,10038,2125711735,Turkish,01/01/1900,,,,Not Applicable,,,,08/02/2015,
50037394,,BROOKLYN,299,MALCOLM X BLVD,11233,9172800441,Other,01/01/1900,,,,Not Applicable,,,,08/02/2015,
50037396,,BROOKLYN,439,MARCUS GARVEY BLVD,11216,9179478007,Other,01/01/1900,,,,Not Applicable,,,,08/02/2015,
50037399,,MANHATTAN,515,9TH AVE,10018,,Other,01/01/1900,,,,Not Applicable,,,,08/02/2015,
50037402,MARIELA'S SHOP,QUEENS,9502,101ST AVE,11416,9173651004,Other,01/01/1900,,,,Not Applicable,,,,08/02/2015,
50037412,ROBERTA'S PIZZA,MANHATTAN,230,PARK AVE,10169,3474576534,Other,01/01/1900,,,,Not Applicable,,,,08/02/2015,
50037428,FARINA,MANHATTAN,15,8TH AVE,10014,6464417549,Other,01/01/1900,,,,Not Applicable,,,,08/02/2015,
50037432,LA TINAJA RESTAURANT,BROOKLYN,3221,FULTON ST,11208,3477378707,Spanish,01/01/1900,,,,Not Applicable,,,,08/02/2015,
50037434,ART CAFE AND BAR,BROOKLYN,884,PACIFIC ST,11238,7188572522,American ,01/01/1900,,,,Not Applicable,,,,08/02/2015,
50037436,3 GUYS SUSHI,STATEN ISLAND,530,FOREST AVE,10310,6462885858,Other,01/01/1900,,,,Not Applicable,,,,08/02/2015,
50037441,CEMITAS EL TIGRE,QUEENS,4514,48TH AVE,11377,2129207963,Other,01/01/1900,,,,Not Applicable,,,,08/02/2015,
50037442,WEST END HALL BEER GARDEN,MANHATTAN,2756      ,BROADWAY                                                                                            ,10025,2126627200,Other,01/01/1900,,,,Not Applicable,,,,08/02/2015,
50037443,,MANHATTAN,1584,2ND AVE,10028,2127108888,Other,01/01/1900,,,,Not Applicable,,,,08/02/2015,
50037446,YOFRESH YOGURT CAFE,QUEENS,5456,MYRTLE AVE,11385,7187651200,Other,01/01/1900,,,,Not Applicable,,,,08/02/2015,
50037449,JACKFRUIT GARDEN,QUEENS,8327,PARSONS BLVD,11432,3474945446,Other,01/01/1900,,,,Not Applicable,,,,08/02/2015,
50037450,WINDSOR ROAST HOUSE,BROOKLYN,426A,7TH AVE,11215,9292958179,American ,01/01/1900,,,,Not Applicable,,,,08/02/2015,
50037451,JUNE BAR,BROOKLYN,259,SAINT NICHOLAS AVE,11237,3472408118,Other,01/01/1900,,,,Not Applicable,,,,08/02/2015,
50037497,,QUEENS,9040,160TH ST,11432,9179371965,Other,01/01/1900,,,,Not Applicable,,,,08/02/2015,
50037514,,QUEENS,853,WYCKOFF AVE,11385,9172854390,Other,01/01/1900,,,,Not Applicable,,,,08/02/2015,
50037522,ST. CLOUD,MANHATTAN,1466      ,BROADWAY                                          ,10036,9724444957,Other,01/01/1900,,,,Not Applicable,,,,08/02/2015,
50037525,,BROOKLYN,155,ATLANTIC AVE,11201,2128077800,Other,01/01/1900,,,,Not Applicable,,,,08/02/2015,
50037529,,MANHATTAN,141,ELDRIDGE ST,10002,6469187919,Other,01/01/1900,,,,Not Applicable,,,,08/02/2015,
50037531,,BROOKLYN,160,HURON ST,11222,6314552727,Other,01/01/1900,,,,Not Applicable,,,,08/02/2015,
50037534,DIDI DUMPLING,MANHATTAN,38,LEXINGTON AVE,10010,2124666618,Other,01/01/1900,,,,Not Applicable,,,,08/02/2015,
50037535,,MANHATTAN,547,W 142ND ST,10031,6462717722,Other,01/01/1900,,,,Not Applicable,,,,08/02/2015,
50037537,,BROOKLYN,718,5TH AVE,11215,7187885878,Other,01/01/1900,,,,Not Applicable,,,,08/02/2015,
50037541,SIPS & BITES,MANHATTAN,230,PARK AVE,10169,9175395391,Other,01/01/1900,,,,Not Applicable,,,,08/02/2015,
50037548,COMUNIDAD SALUDABLE,BRONX,1533,WATSON AVE,10472,3473076772,Other,01/01/1900,,,,Not Applicable,,,,08/02/2015,
50037552,,MANHATTAN,2440,AMSTERDAM AVE,10033,,Other,01/01/1900,,,,Not Applicable,,,,08/02/2015,
50037572,,STATEN ISLAND,229,BROAD ST,10304,7186821041,Other,01/01/1900,,,,Not Applicable,,,,08/02/2015,
50037583,SID GOLD'S REQUEST ROOM,MANHATTAN,165,W 26TH ST,10001,2122291948,Other,01/01/1900,,,,Not Applicable,,,,08/02/2015,
50037589,,MANHATTAN,450,E 29TH ST,10016,2127800880,Other,01/01/1900,,,,Not Applicable,,,,08/02/2015,
50037614,,MANHATTAN,1641,2ND AVE,10028,5169242225,Other,01/01/1900,,,,Not Applicable,,,,08/02/2015,
50037621,,BROOKLYN,4414,8TH AVE,11220,64688166301,Other,01/01/1900,,,,Not Applicable,,,,08/02/2015,
50037627,B & Y CATERING (Jewish Community Center),STATEN ISLAND,1466,MANOR RD,10310,7184755222,Jewish/Kosher,01/01/1900,,,,Not Applicable,,,,08/02/2015,
50037637,,QUEENS,2310,JACKSON AVE,11101,7187520797,Other,01/01/1900,,,,Not Applicable,,,,08/02/2015,
50037645,JOE'S PIZZA,BROOKLYN,216,BEDFORD AVE,11249,7183882216,Other,01/01/1900,,,,Not Applicable,,,,08/02/2015,
50037647,,MANHATTAN,1797,1ST AVE,10128,2036107366,Other,01/01/1900,,,,Not Applicable,,,,08/02/2015,
50037651,SABOR TROPICAL,MANHATTAN,143,SHERMAN AVE,10034,2123045144,Other,01/01/1900,,,,Not Applicable,,,,08/02/2015,
50037654,,BROOKLYN,272,COURT ST,11231,7186430044,Other,01/01/1900,,,,Not Applicable,,,,08/02/2015,
50037656,HIBACHI KING,BROOKLYN,150,LAWRENCE ST,11201,7188555281,Other,01/01/1900,,,,Not Applicable,,,,08/02/2015,
50037659,Ecstasy Bar and Lounge,BROOKLYN,758,5TH AVE,11232,7184992348,Other,01/01/1900,,,,Not Applicable,,,,08/02/2015,
50037667,BOCADILLO,MANHATTAN,40,GOLD ST,10038,9176976669,Other,01/01/1900,,,,Not Applicable,,,,08/02/2015,
50037680,,BRONX,3648,BAILEY AVE,10463,9292224968,Other,01/01/1900,,,,Not Applicable,,,,08/02/2015,
50037687,KHEMISTRY BAR,BROOKLYN,216       ,MALCOLM X BLVD                                    ,11221,7733549064,Other,01/01/1900,,,,Not Applicable,,,,08/02/2015,
50037688,,BROOKLYN,69,UTICA AVE,11213,7184932211,Other,01/01/1900,,,,Not Applicable,,,,08/02/2015,
50037694,KISSENA KITCHEN,QUEENS,4101,KISSENA BLVD,11355,7187626151,Other,01/01/1900,,,,Not Applicable,,,,08/02/2015,
50037701,,BROOKLYN,299,VANDERVOORT AVE,11211,9174150634,Other,01/01/1900,,,,Not Applicable,,,,08/02/2015,
50037720,BUNK*R,BROOKLYN,899,BERGEN ST,11238,7183864282,Other,01/01/1900,,,,Not Applicable,,,,08/02/2015,
50037721,HESS CORPORATION CAFETERIA,MANHATTAN,1185,AVE AMERICAS,10036,2125368441,Other,01/01/1900,,,,Not Applicable,,,,08/02/2015,
50037728,,BROOKLYN,732,61ST ST,11220,9+173067113,Other,01/01/1900,,,,Not Applicable,,,,08/02/2015,
50037729,,BRONX,239,BEDFORD PARK BLVD,10458,7185625050,Other,01/01/1900,,,,Not Applicable,,,,08/02/2015,
50037737,,MANHATTAN,111,AVENUE C,10009,6467819147,Other,01/01/1900,,,,Not Applicable,,,,08/02/2015,
50037739,,BRONX,729,EAGLE AVE,10455,,Other,01/01/1900,,,,Not Applicable,,,,08/02/2015,
50037756,THE FEDERAL BAR BROOKLYN,BROOKLYN,367,METROPOLITAN AVE,11211,7183888417,Asian,01/01/1900,,,,Not Applicable,,,,08/02/2015,
50037758,BLACK FISH,QUEENS,6648,MYRTLE AVE,11385,9177315518,Other,01/01/1900,,,,Not Applicable,,,,08/02/2015,
50037777,MEL'S BURGER,MANHATTAN,1450,2ND AVE,10021,9177014848,Other,01/01/1900,,,,Not Applicable,,,,08/02/2015,
50037780,,MANHATTAN,2175      ,BROADWAY                                                                                            ,10024,2123626261,Other,01/01/1900,,,,Not Applicable,,,,08/02/2015,
50037784,5 SENSES,MANHATTAN,9,W 32ND ST,10001,6468526003,Other,01/01/1900,,,,Not Applicable,,,,08/02/2015,
50037793,,QUEENS,23917,BRADDOCK AVE,11426,5166067603,Other,01/01/1900,,,,Not Applicable,,,,08/02/2015,
50037817,FATTY DADDY TACO,BROOKLYN,152,SMITH ST,11201,9177094479,Mexican,01/01/1900,,,,Not Applicable,,,,08/02/2015,
50037821,DARNA CATERING,BRONX,265,W 231ST ST,10463,9172080810,Jewish/Kosher,01/01/1900,,,,Not Applicable,,,,08/02/2015,
50037831,JIMMY JOHN'S,STATEN ISLAND,2714,HYLAN BLVD,10306,7189875972,Other,01/01/1900,,,,Not Applicable,,,,08/02/2015,
50037845,CALDERONE MOTEL,BROOKLYN,1031,GRAND ST,11211,2125459320,Other,01/01/1900,,,,Not Applicable,,,,08/02/2015,
50037848,HONG KONG EXPRESS ,QUEENS,989,WYCKOFF AVE,11385,7184561858,Other,01/01/1900,,,,Not Applicable,,,,08/02/2015,
50037852,HENRY NORMAN HOTEL,BROOKLYN,233,NORMAN AVE,11222,7189516000,American ,01/01/1900,,,,Not Applicable,,,,08/02/2015,
50037861,WALLABOUT SEAFOOD & CORP,BROOKLYN,271,ADELPHI ST,11205,9173658380,Other,01/01/1900,,,,Not Applicable,,,,08/02/2015,
50037898,RIO CONVENIENCE STORE,BROOKLYN,3715,14TH AVE,11218,7184363700,Other,01/01/1900,,,,Not Applicable,,,,08/02/2015,
50037907,POLLOS MARIO RESTAURANT AND SPORTS BAR,QUEENS,,37TH AVE,11372,,Other,01/01/1900,,,,Not Applicable,,,,08/02/2015,
50037910,DUNKIN DONUTS,MANHATTAN,391,8TH AVE,10001,2123959280,Other,01/01/1900,,,,Not Applicable,,,,08/02/2015,
50037912,,BROOKLYN,5505,4TH AVE,11220,7185679305,Other,01/01/1900,,,,Not Applicable,,,,08/02/2015,
50037915,,MANHATTAN,10,ELIZABETH ST,10013,9292738245,Other,01/01/1900,,,,Not Applicable,,,,08/02/2015,
50037937,,QUEENS,24205,NORTHERN BLVD,11362,7187724307,Other,01/01/1900,,,,Not Applicable,,,,08/02/2015,
50037940,PITA GRILL,MANHATTAN,496,LAGUARDIA PL,10012,9174201036,Other,01/01/1900,,,,Not Applicable,,,,08/02/2015,
50037942,THE EVERGREEN,BROOKLYN,109,MOFFAT ST,11207,2607606989,Other,01/01/1900,,,,Not Applicable,,,,08/02/2015,
50037946,,QUEENS,12611,15TH AVE,11356,,Other,01/01/1900,,,,Not Applicable,,,,08/02/2015,
50037948,ANTOJITOS & NATURAL JUICE BAR,BRONX,1420,CLAY AVE,10456,3473717089,"Juice, Smoothies, Fruit Salads",01/01/1900,,,,Not Applicable,,,,08/02/2015,
50037952,ROUTINE,BROOKLYN,631,WILSON AVE,11207,9173272321,Other,01/01/1900,,,,Not Applicable,,,,08/02/2015,
50037953,RED HOOK LOBSTER POUND,MANHATTAN,230,PARK AVE,10169,7188587650,Other,01/01/1900,,,,Not Applicable,,,,08/02/2015,
50037954,,MANHATTAN,4151,BROADWAY,10032,,Other,01/01/1900,,,,Not Applicable,,,,08/02/2015,
50037955,BUFFALO BOSS,MANHATTAN,17,W 125TH ST,10027,7189230800,Chicken,01/01/1900,,,,Not Applicable,,,,08/02/2015,
50037961,1 HOTEL CENTRAL PARK,MANHATTAN,1414,AVENUE OF THE AMERICAS,10019,2034227700,Other,01/01/1900,,,,Not Applicable,,,,08/02/2015,
50037966,,BRONX,2449,CRESTON AVE,10468,3472353256,Other,01/01/1900,,,,Not Applicable,,,,08/02/2015,
50037969,Hoa Cafe,MANHATTAN,370,8TH AVE,10001,9193319971,Other,01/01/1900,,,,Not Applicable,,,,08/02/2015,
50037974,,QUEENS,4327,MAIN ST,11355,7185393180,Other,01/01/1900,,,,Not Applicable,,,,08/02/2015,
50037975,DUNKIN DONUTS & BASKIN ROBBINS,QUEENS,5801,WOODSIDE AVE,11377,7188462371,Other,01/01/1900,,,,Not Applicable,,,,08/02/2015,
50037976,,MANHATTAN,15,AVENUE D,10009,2129040281,Other,01/01/1900,,,,Not Applicable,,,,08/02/2015,
50037983,,MANHATTAN,4160      ,BROADWAY                                          ,10033,7187496068,Other,01/01/1900,,,,Not Applicable,,,,08/02/2015,
50037984,MADDY'S AFRICAN GRILL RESTAURANT,BRONX,3716,WHITE PLAINS RD,10467,,Other,01/01/1900,,,,Not Applicable,,,,08/02/2015,
50037991,,QUEENS,1520,COLLEGE POINT BLVD,11356,3476059912,Other,01/01/1900,,,,Not Applicable,,,,08/02/2015,
50037997,,BROOKLYN,5714,5TH AVE,11220,3475307655,Other,01/01/1900,,,,Not Applicable,,,,08/02/2015,
50037998,YOSWEETS,BROOKLYN,8410,5TH AVE,11209,7183335800,Other,01/01/1900,,,,Not Applicable,,,,08/02/2015,
50037999,HAMACHI SUSHI & OKAMI,MANHATTAN,63A,READE ST,10007,2123460863,Other,01/01/1900,,,,Not Applicable,,,,08/02/2015,
50038000,,MANHATTAN,139,E 45TH ST,10017,6463384566,Other,01/01/1900,,,,Not Applicable,,,,08/02/2015,
50038002,BLESSED KITCHEN,BRONX,3470,BOSTON RD,10469,6467966310,Other,01/01/1900,,,,Not Applicable,,,,08/02/2015,
50038003,,MANHATTAN,219,E 23RD ST,10010,2127253399,Other,01/01/1900,,,,Not Applicable,,,,08/02/2015,
50038008,MARKERS COFFEE,BROOKLYN,241,ROGERS AVE,11225,7184840306,American ,01/01/1900,,,,Not Applicable,,,,08/02/2015,
50038009,,QUEENS,9109,43RD AVE,11373,7187791301,Other,01/01/1900,,,,Not Applicable,,,,08/02/2015,
50038010,BAY SWEET CAFE,STATEN ISLAND,382,BAY ST,10301,7182078297,Other,01/01/1900,,,,Not Applicable,,,,08/02/2015,
50038012,,STATEN ISLAND,1255,CASTLETON AVE,10310,9177458274,Other,01/01/1900,,,,Not Applicable,,,,08/02/2015,
50038022,FAMOUS FAMIGLIA PIZZERIA,MANHATTAN,4020      ,BROADWAY                                                                                            ,10032,,Other,01/01/1900,,,,Not Applicable,,,,08/02/2015,
50038025,ADEL M ABUEISSA,QUEENS,9407      ,ASTORIA BLVD                                      ,11369,5163587794,Other,01/01/1900,,,,Not Applicable,,,,08/02/2015,
50038027,,MANHATTAN,132,W 31ST ST,10001,2129719400,Other,01/01/1900,,,,Not Applicable,,,,08/02/2015,
50038028,CROISSANTERIA,MANHATTAN,68,AVENUE A,10009,7187538577,Other,01/01/1900,,,,Not Applicable,,,,08/02/2015,
50038036,PARM,BROOKLYN,88,35TH ST,11232,6466924732,Other,01/01/1900,,,,Not Applicable,,,,08/02/2015,
50038038,BAGELS & COMPANY,MANHATTAN,172,W 79TH ST,10024,6467751797,Other,01/01/1900,,,,Not Applicable,,,,08/02/2015,
50038040,PZA,QUEENS,NKA,JFK INTERNATIONAL AIRPORT,11430,7186790452,Other,01/01/1900,,,,Not Applicable,,,,08/02/2015,
50038051,,QUEENS,3923,BELL BLVD,11361,7183520884,Other,01/01/1900,,,,Not Applicable,,,,08/02/2015,
50038052,2425 BROADWAY LLC,MANHATTAN,2425,BROADWAY,10024,7183597834,Other,01/01/1900,,,,Not Applicable,,,,08/02/2015,
50038055,GREAT WALL SHI'S RESTAURANT,MANHATTAN,527-9,LENOX AVE,10037,2129268301,Other,01/01/1900,,,,Not Applicable,,,,08/02/2015,
50038058,BAR SUZETTE,MANHATTAN,230,PARK AVE,10169,2062250663,Other,01/01/1900,,,,Not Applicable,,,,08/02/2015,
50038060,,MANHATTAN,459,LEXINGTON AVE,10017,212652227,Other,01/01/1900,,,,Not Applicable,,,,08/02/2015,
50038062,,BROOKLYN,1006,FLUSHING AVE,11237,9176535409,Other,01/01/1900,,,,Not Applicable,,,,08/02/2015,
50038063,,QUEENS,4506,PARSONS BLVD,11355,9179636661,Other,01/01/1900,,,,Not Applicable,,,,08/02/2015,
50038065,,MANHATTAN,511,W 181ST ST,10033,6467329126,Other,01/01/1900,,,,Not Applicable,,,,08/02/2015,
50038067,,QUEENS,5012,69TH ST,11377,9172259017,Other,01/01/1900,,,,Not Applicable,,,,08/02/2015,
50038068,,MANHATTAN,1085,2ND AVE,10022,2128887403,Other,01/01/1900,,,,Not Applicable,,,,08/02/2015,
50038079,MAYHEM AND SCOTT,MANHATTAN,230,PARK AVE,10169,,Other,01/01/1900,,,,Not Applicable,,,,08/02/2015,
50038083,,MANHATTAN,129,E 4TH ST,10003,2124754392,Other,01/01/1900,,,,Not Applicable,,,,08/02/2015,
50038085,SUPERCROWN COFFEE,BROOKLYN,8,WILSON AVE,11237,,Other,01/01/1900,,,,Not Applicable,,,,08/02/2015,
50038102,HAPPY SWEET COFFEE,BROOKLYN,5717,5TH AVE,11220,7188100089,Café/Coffee/Tea,01/01/1900,,,,Not Applicable,,,,08/02/2015,
50038108,NO. 142 BAR,MANHATTAN,142,SULLIVAN ST,10012,3235287999,Other,01/01/1900,,,,Not Applicable,,,,08/02/2015,
50038113,NATHAN'S FAMOUS,BRONX,200,BAYCHESTER AVE,10475,5162385232,Other,01/01/1900,,,,Not Applicable,,,,08/02/2015,
50038118,CAFECAL,QUEENS,3019,ASTORIA BLVD,11102,9173737756,Other,01/01/1900,,,,Not Applicable,,,,08/02/2015,
50038120,,QUEENS,4127,MAIN ST,11355,3475750596,Other,01/01/1900,,,,Not Applicable,,,,08/02/2015,
50038123,,BRONX,171,W 230TH ST,10463,7185482200,Other,01/01/1900,,,,Not Applicable,,,,08/02/2015,
50038137,,BROOKLYN,291,HOOPER ST,11211,3472998126,Other,01/01/1900,,,,Not Applicable,,,,08/02/2015,
50038153,PIZZA BOY ,QUEENS,5819,WOODSIDE AVE,11377,5169240708,Other,01/01/1900,,,,Not Applicable,,,,08/02/2015,
50038161,JMDR 127 LUDLOW,MANHATTAN,127,LUDLOW ST,10002,2129828225,Other,01/01/1900,,,,Not Applicable,,,,08/02/2015,
50038162,DUNKIN DONUTS,QUEENS,2304,JACKSON AVE,11101,7187861744,Other,01/01/1900,,,,Not Applicable,,,,08/02/2015,
50038174,,QUEENS,5302,ROOSEVELT AVE,11377,7184268023,Other,01/01/1900,,,,Not Applicable,,,,08/02/2015,
50038177,EATING TREE,BRONX,892,GRANT AVE,10451,,Other,01/01/1900,,,,Not Applicable,,,,08/02/2015,
50038180,,BROOKLYN,361,GRAHAM AVE,11211,7185995600,Other,01/01/1900,,,,Not Applicable,,,,08/02/2015,
50038181,,STATEN ISLAND,510,BAY ST,10304,3472196492,Other,01/01/1900,,,,Not Applicable,,,,08/02/2015,
50038186,SWAN DIVE,BROOKLYN,452,UNION ST,11231,2027319731,Other,01/01/1900,,,,Not Applicable,,,,08/02/2015,
50038193,THE STACK DELI & GRILL,QUEENS,183-01,HORACE HARDING EXPWAY,11365,9173253004,Other,01/01/1900,,,,Not Applicable,,,,08/02/2015,
50038194,,MANHATTAN,3893A,BROADWAY,10032,,Other,01/01/1900,,,,Not Applicable,,,,08/02/2015,
50038237,SAMESA/ED&BEV'S,BROOKLYN,899,BERGEN ST,11238,2024876080,Other,01/01/1900,,,,Not Applicable,,,,08/02/2015,
50038241,KINGS COUNTY IMPERIAL,BROOKLYN,20,SKILLMAN AVE,11211,7186102000,American ,01/01/1900,,,,Not Applicable,,,,08/02/2015,
50038243,LIN SING WAH RESTAURANT,BROOKLYN,1394,SAINT JOHNS PL,11213,7187782216,Other,01/01/1900,,,,Not Applicable,,,,08/02/2015,
50038250,,QUEENS,7920,ELIOT AVE,11379,3479728507,Other,01/01/1900,,,,Not Applicable,,,,08/02/2015,
50038254,WATERSIDE CAFE,MANHATTAN,25,WATERSIDE PLZ,10010,9175615148,American ,01/01/1900,,,,Not Applicable,,,,08/02/2015,
50038258,,BROOKLYN,744,NEW LOTS AVE,11207,7189274981,Other,01/01/1900,,,,Not Applicable,,,,08/02/2015,
50038267,,BROOKLYN,801,59TH ST,11220,7188518086,Other,01/01/1900,,,,Not Applicable,,,,08/02/2015,
50038272,Paks Simple Fried Chicken,QUEENS,17933,HILLSIDE AVE,11432,347 561 9139,Other,01/01/1900,,,,Not Applicable,,,,08/02/2015,
50038278,TACO'S RIGHT,BRONX,2319,HUGHES AVE,10458,7189750404,Mexican,01/01/1900,,,,Not Applicable,,,,08/02/2015,
50038280,CON SABOR LATINO RESTAURANT,BRONX,3652,BAILEY AVE,10463,7185490035,"Latin (Cuban, Dominican, Puerto Rican, South & Central American)",01/01/1900,,,,Not Applicable,,,,08/02/2015,
50038289,,BROOKLYN,3152,BRIGHTON 6TH ST,11235,7189345444,Other,01/01/1900,,,,Not Applicable,,,,08/02/2015,
50038292,DELI & HIBACHI,QUEENS,1041,BEACH 20TH ST,11691,3477529956,Other,01/01/1900,,,,Not Applicable,,,,08/02/2015,
50038296,PDQ,BROOKLYN,359,SACKETT ST,11231,7185224340,Other,01/01/1900,,,,Not Applicable,,,,08/02/2015,
50038299,DOCTORS CAVE CAFE,BROOKLYN,856,MARCY AVE,11216,7183984776,American ,01/01/1900,,,,Not Applicable,,,,08/02/2015,
50038305,MS RITA'S PLACE,MANHATTAN,349,E 109TH ST,10029,6464567410,American ,01/01/1900,,,,Not Applicable,,,,08/02/2015,
50038306,KAMAL FRIED CHICKEN & PIZZA,BROOKLYN,194,ROCKAWAY AVE,11233,3472211778,Other,01/01/1900,,,,Not Applicable,,,,08/02/2015,
50038308,,QUEENS,7516,ROCKAWAY BLVD,11421,7182961818,Other,01/01/1900,,,,Not Applicable,,,,08/02/2015,
50038332,,BROOKLYN,1319,BOWERY ST,11224,8455360095,Other,01/01/1900,,,,Not Applicable,,,,08/02/2015,
50038334,,BROOKLYN,271,PROSPECT PARK W,11215,9178829055,Other,01/01/1900,,,,Not Applicable,,,,08/02/2015,
50038346,CROWN GRILL ,BROOKLYN,802,GRAND ST,11211,7183845900,Other,01/01/1900,,,,Not Applicable,,,,08/02/2015,
50038347,MAMI'S COFFEE SHOP ADOLFO,BRONX,1176,GARRISON AVE,10474,3472696868,Other,01/01/1900,,,,Not Applicable,,,,08/02/2015,
50038350,AROMA PIZZA AND CAFE,MANHATTAN,1551,SAINT NICHOLAS AVE,10040,3475364703,Other,01/01/1900,,,,Not Applicable,,,,08/02/2015,
50038360,,QUEENS,3317,JUNCTION BLVD,11372,9292963578,Other,01/01/1900,,,,Not Applicable,,,,08/02/2015,
50038368,GINO'S PIZZERIA OF FOREST HILLS,QUEENS,6675,SELFRIDGE ST,11375,8457099693,Other,01/01/1900,,,,Not Applicable,,,,08/02/2015,
50038370,EL NILE LOUNGE ,BROOKLYN,2086,CONEY ISLAND AVE,11223,9174061233,Other,01/01/1900,,,,Not Applicable,,,,08/02/2015,
50038374,TUK TUK,QUEENS,4906,VERNON BLVD,11101,7187907367,Other,01/01/1900,,,,Not Applicable,,,,08/02/2015,
50038378,BON CHOVIE LLC,BROOKLYN,3003,STILLWELL AVE,11224,7186685391,Other,01/01/1900,,,,Not Applicable,,,,08/02/2015,
50038379,,QUEENS,4512,23RD ST,11101,6469202683,Other,01/01/1900,,,,Not Applicable,,,,08/02/2015,
50038382,,BROOKLYN,2185,SCHENECTADY AVE,11234,71837777707,Other,01/01/1900,,,,Not Applicable,,,,08/02/2015,
50038383,Cartaz Cuisine,BROOKLYN,233,RALPH AVE,11233,3474058588,Other,01/01/1900,,,,Not Applicable,,,,08/02/2015,
50038392,,BROOKLYN,2017,AVENUE U,11229,,Other,01/01/1900,,,,Not Applicable,,,,08/02/2015,
50038401,,BROOKLYN,7902,FLATLANDS AVE,11236,7182092111,Other,01/01/1900,,,,Not Applicable,,,,08/02/2015,
50038407,,QUEENS,11023,JAMAICA AVE,11418,3478415502,Other,01/01/1900,,,,Not Applicable,,,,08/02/2015,
50038410,,MANHATTAN,85,DELANCEY ST,10002,4152602207,Other,01/01/1900,,,,Not Applicable,,,,08/02/2015,
50038411,SAPITO'S,MANHATTAN,172,E 106TH ST,10029,9172199840,Other,01/01/1900,,,,Not Applicable,,,,08/02/2015,
50038412,TWIN SISTER PAN ,BROOKLYN,6301,8TH AVE,11220,9173618709,Other,01/01/1900,,,,Not Applicable,,,,08/02/2015,
50038413,ANDRE'S HUNGARIAN STRUDELS & PASTRIES,QUEENS,10028,QUEENS BLVD,11375,7188300266,Other,01/01/1900,,,,Not Applicable,,,,08/02/2015,
50038414,,QUEENS,4277,HUNTER ST,11101,3475383911,Other,01/01/1900,,,,Not Applicable,,,,08/02/2015,
50038419,,MANHATTAN,176,CHURCH ST,10013,2122409800,Other,01/01/1900,,,,Not Applicable,,,,08/02/2015,
50038429,DELICIAS URBANAS,BROOKLYN,86,5TH AVE,11217,3478224546,Other,01/01/1900,,,,Not Applicable,,,,08/02/2015,
50038434,,BROOKLYN,4413,4TH AVE,11220,473583562,Other,01/01/1900,,,,Not Applicable,,,,08/02/2015,
50038438,DILL AND PARSLEY,MANHATTAN,829,3RD AVE,10022,9173403430,Other,01/01/1900,,,,Not Applicable,,,,08/02/2015,
50038444,BURNSIDE BISCUITS,QUEENS,3207,30TH AVE,11102,9178327822,Other,01/01/1900,,,,Not Applicable,,,,08/02/2015,
50038449,DELI GRILL,BRONX,2115,WASHINGTON AVE,10457,9172957142,Other,01/01/1900,,,,Not Applicable,,,,08/02/2015,
50038459,,QUEENS,2319,STEINWAY ST,11105,7187516392,Other,01/01/1900,,,,Not Applicable,,,,08/02/2015,
50038460,CLINTON HALL,MANHATTAN,90,WASHINGTON ST,10006,2128964600,Other,01/01/1900,,,,Not Applicable,,,,08/02/2015,
50038465,,MANHATTAN,60,3RD AVE,10003,2128604737,Other,01/01/1900,,,,Not Applicable,,,,08/02/2015,
50038473,TAKUMI TACO,MANHATTAN,230,PARK AVE,10169,5165109228,Other,01/01/1900,,,,Not Applicable,,,,08/02/2015,
50038475,,BRONX,146,W 231ST ST,10463,3479646295,Other,01/01/1900,,,,Not Applicable,,,,08/02/2015,
50038478,THE FOX AND THE CREPES,BROOKLYN,1233,PROSPECT AVE,11218,6462616301,Other,01/01/1900,,,,Not Applicable,,,,08/02/2015,
50038481,,BRONX,1057,MORRIS PARK AVE,10461,3476809119,Other,01/01/1900,,,,Not Applicable,,,,08/02/2015,
50038483,SUBWAY,QUEENS,7422,BROADWAY,11373,718 5024859,Other,01/01/1900,,,,Not Applicable,,,,08/02/2015,
50038495,DUNKIN DONUTS,MANHATTAN,80,JOHN ST,10038,2128459999,Other,01/01/1900,,,,Not Applicable,,,,08/02/2015,
50038498,THE HARD SWALLOW,MANHATTAN,140,1ST AVE,10009,6462010787,Other,01/01/1900,,,,Not Applicable,,,,08/02/2015,
50038515,JAGALCHI SUSHI,QUEENS,3502,154TH ST,11354,7182244313,Other,01/01/1900,,,,Not Applicable,,,,08/02/2015,
50038523,-321 ICE CREAM SHOP,BROOKLYN,288,GRAND ST,11211,9176673280,Other,01/01/1900,,,,Not Applicable,,,,08/02/2015,
50038524,TOAD STYLE,BROOKLYN,93,RALPH AVE,11221,7323304199,Other,01/01/1900,,,,Not Applicable,,,,08/02/2015,
50038532,,QUEENS,4757,47TH ST,11377,7187068881,Other,01/01/1900,,,,Not Applicable,,,,08/02/2015,
50038536,,QUEENS,21715,JAMAICA AVE,11428,7182176198,Other,01/01/1900,,,,Not Applicable,,,,08/02/2015,
50038537,ACADEMY RESTAURANT,BROOKLYN,69,LAFAYETTE AVE,11217,7182379326,Other,01/01/1900,,,,Not Applicable,,,,08/02/2015,
50038538,SUBWAY,MANHATTAN,651,W 169TH ST,10032,9173785700,Other,01/01/1900,,,,Not Applicable,,,,08/02/2015,
50038540,FLATIRON COFFEE SHOP,QUEENS,NKA,JFK INTERNATIONAL AIRPORT,11432,,Other,01/01/1900,,,,Not Applicable,,,,08/02/2015,
50038543,LA PALAPA TACOS,MANHATTAN,230,PARK AVE,10169,2127772537,Other,01/01/1900,,,,Not Applicable,,,,08/02/2015,
50038545,HOMEMADE TAQUERIA,QUEENS,4010,JUNCTION BLVD,11368,7184403307,Other,01/01/1900,,,,Not Applicable,,,,08/02/2015,
50038546,,MANHATTAN,416,AMSTERDAM AVE,10024,9175280735,Other,01/01/1900,,,,Not Applicable,,,,08/02/2015,
50038548,VIA DELLA PACE PIZZA,MANHATTAN,130,SAINT MARKS PL,10009,6462267939,Other,01/01/1900,,,,Not Applicable,,,,08/02/2015,
50038549,ANGKOR CAMODIAN BISTRO,MANHATTAN,408,E 64TH ST,10065,,Other,01/01/1900,,,,Not Applicable,,,,08/02/2015,
50038557,,QUEENS,2152,MOTT AVE,11691,6465494848,Other,01/01/1900,,,,Not Applicable,,,,08/02/2015,
50038559,,STATEN ISLAND,285,RICHMOND HILL RD,10314,3477223358,Other,01/01/1900,,,,Not Applicable,,,,08/02/2015,
50038560,CHIRPING CHICKEN,MANHATTAN,940,COLUMBUS AVE,10025,9174421861,Other,01/01/1900,,,,Not Applicable,,,,08/02/2015,
50038562,TREAT HOUSE,MANHATTAN,1566,2ND AVE,10028,9179136222,Other,01/01/1900,,,,Not Applicable,,,,08/02/2015,
50038565,DISH FOOD & EVENTS LLC,BROOKLYN,190       ,N 14TH ST                                         ,11249,9718622014,Other,01/01/1900,,,,Not Applicable,,,,08/02/2015,
50038569,,MANHATTAN,123,W 3RD ST,10012,,Other,01/01/1900,,,,Not Applicable,,,,08/02/2015,
50038570,THE FAMILY RESTAURANT,QUEENS,11080,QUEENS BLVD,11375,7185201123,Other,01/01/1900,,,,Not Applicable,,,,08/02/2015,
50038571,MIA ROMI PIZZERIA,MANHATTAN,85,PITT ST,10002,3473398332,Other,01/01/1900,,,,Not Applicable,,,,08/02/2015,
50038572,,QUEENS,7001,BEACH CHANNEL DR,11692,7186348257,Other,01/01/1900,,,,Not Applicable,,,,08/02/2015,
50038576,PAPAYA DOG,MANHATTAN,50,FULTON ST,10038,2125947817,Other,01/01/1900,,,,Not Applicable,,,,08/02/2015,
50038590,,STATEN ISLAND,409,FOREST AVE,10301,7186140427,Other,01/01/1900,,,,Not Applicable,,,,08/02/2015,
50038596,"Flint Hill Hometown Eatery, LLC",BROOKLYN,1314,SUTTER AVE,11208,7184194373,Other,01/01/1900,,,,Not Applicable,,,,08/02/2015,
50038602,,QUEENS,20941,NORTHERN BLVD,11361,9177158455,Other,01/01/1900,,,,Not Applicable,,,,08/02/2015,
50038609,ASIAN,STATEN ISLAND,1419,FOREST AVE,10302,7186821437,Other,01/01/1900,,,,Not Applicable,,,,08/02/2015,
50038610,,BRONX,395,E 149TH ST,10455,3474819175,Other,01/01/1900,,,,Not Applicable,,,,08/02/2015,
50038614,,MANHATTAN,252,W 29TH ST,10001,6464298237,Other,01/01/1900,,,,Not Applicable,,,,08/02/2015,
50038623,TIME FLIES BBQ & BAR,QUEENS,13407,NORTHERN BLVD,11354,7188889068,Other,01/01/1900,,,,Not Applicable,,,,08/02/2015,
50038628,,BROOKLYN,1139,CLARKSON AVE,11212,3472408889,Other,01/01/1900,,,,Not Applicable,,,,08/02/2015,
50038633,,MANHATTAN,375,BROOME ST,10013,2122263235,Other,01/01/1900,,,,Not Applicable,,,,08/02/2015,
50038639,C BAO ASIAN BUNS,MANHATTAN,108,W 14TH ST,10011,3474588898,Asian,01/01/1900,,,,Not Applicable,,,,08/02/2015,
50038658,ROSE'S PIZZA & PASTA,MANHATTAN,1,PENN PLZ,10119,2125947817,Other,01/01/1900,,,,Not Applicable,,,,08/02/2015,
50038666,,QUEENS,8302,QUEENS BLVD,11373,7183961238,Other,01/01/1900,,,,Not Applicable,,,,08/02/2015,
50038669,,MANHATTAN,493,2ND AVE,10016,212866888,Other,01/01/1900,,,,Not Applicable,,,,08/02/2015,
50038674,MAIMA LIBERIAN BISTRO CORPORATION,QUEENS,10638,GUY R BREWER BLVD,11433,7182063538,Other,01/01/1900,,,,Not Applicable,,,,08/02/2015,
50038675,KAM MAN KITCHEN,BROOKLYN,1500,NOSTRAND AVE,11226,7182823400,Other,01/01/1900,,,,Not Applicable,,,,08/02/2015,
50038684,,MANHATTAN,387,LENOX AVE,10027,9177564690,Other,01/01/1900,,,,Not Applicable,,,,08/02/2015,
50038689,MIMI'S HUMMUS,MANHATTAN,230,PARK AVE,10169,71828444445,Other,01/01/1900,,,,Not Applicable,,,,08/02/2015,
50038691,,MANHATTAN,223,W 40TH ST,10018,2127648844,Other,01/01/1900,,,,Not Applicable,,,,08/02/2015,
50038711,,BRONX,703,LYDIG AVE,10462,3475565923,Other,01/01/1900,,,,Not Applicable,,,,08/02/2015,
50038715,,MANHATTAN,1613,2ND AVE,10028,6462443736,Other,01/01/1900,,,,Not Applicable,,,,08/02/2015,
50038733,,BROOKLYN,1211,MCDONALD AVE,11230,7183520884,Other,01/01/1900,,,,Not Applicable,,,,08/02/2015,
50038734,,MANHATTAN,42,BROADWAY,10004,9293268738,Other,01/01/1900,,,,Not Applicable,,,,08/02/2015,
50038736,PASTICCIO NYC INC,QUEENS,9014,161ST ST,11432,9177108795,Other,01/01/1900,,,,Not Applicable,,,,08/02/2015,
50038737,,BRONX,392,E 149TH ST,10455,6463712210,Other,01/01/1900,,,,Not Applicable,,,,08/02/2015,
50038753,PATSY'S PIZZERIA,BROOKLYN,450,DEAN ST,11217,7186222768,Other,01/01/1900,,,,Not Applicable,,,,08/02/2015,
50038757,LAIT CAFE,BROOKLYN,129,LIVINGSTON ST,11201,3472944271,Other,01/01/1900,,,,Not Applicable,,,,08/02/2015,
50038775,AVANT GARDEN,MANHATTAN,130,E 7TH ST,10009,2127772017,Other,01/01/1900,,,,Not Applicable,,,,08/02/2015,
50038776,,QUEENS,14710,ROCKAWAY BLVD,11436,7188453114,Other,01/01/1900,,,,Not Applicable,,,,08/02/2015,
50038781,INTERPID MUSEUM FOUNDATION,MANHATTAN,1         ,INTREPID SQ                                                                                         ,10036,9172843261,Other,01/01/1900,,,,Not Applicable,,,,08/02/2015,
50038785,,QUEENS,9610,JAMAICA AVE,11421,3476663406,Other,01/01/1900,,,,Not Applicable,,,,08/02/2015,
50038787,TWO SAINTS,BROOKLYN,753,NOSTRAND AVE,11216,3476278444,Other,01/01/1900,,,,Not Applicable,,,,08/02/2015,
50038788,,MANHATTAN,230,PARK AVE,10169,9174465688,Other,01/01/1900,,,,Not Applicable,,,,08/02/2015,
50038790,,BROOKLYN,5221,FORT HAMILTON PKWY,11219,4173619886,Other,01/01/1900,,,,Not Applicable,,,,08/02/2015,
50038792,,BROOKLYN,986,ATLANTIC AVE,11238,646262354124,Other,01/01/1900,,,,Not Applicable,,,,08/02/2015,
50038793,,MANHATTAN,640,8TH AVE,10036,2122213833,Other,01/01/1900,,,,Not Applicable,,,,08/02/2015,
50038799,,Missing,468A,ASHFORD AVE,10502,9146715858,Other,01/01/1900,,,,Not Applicable,,,,08/02/2015,
50038802,,QUEENS,9414,63RD DR,11374,3472684479,Other,01/01/1900,,,,Not Applicable,,,,08/02/2015,
50038805,,BROOKLYN,941,PENNSYLVANIA AVE,11207,7184848849,Other,01/01/1900,,,,Not Applicable,,,,08/02/2015,
50038811,,BROOKLYN,238,KNICKERBOCKER AVE,11237,7184188821,Other,01/01/1900,,,,Not Applicable,,,,08/02/2015,
50038814,,BROOKLYN,5506,8TH AVE,11220,6467084368,Other,01/01/1900,,,,Not Applicable,,,,08/02/2015,
50038815,,QUEENS,10506,JAMAICA AVE,11418,2126197470,Other,01/01/1900,,,,Not Applicable,,,,08/02/2015,
50038816,,QUEENS,14254,ROOSEVELT AVE,11354,2126197470,Other,01/01/1900,,,,Not Applicable,,,,08/02/2015,
50038817,UNCLE LOUIE ''G'',BROOKLYN,319,7TH AVE,11215,3477397158,Other,01/01/1900,,,,Not Applicable,,,,08/02/2015,
50038825,,MANHATTAN,909,3RD AVE,10022,9178033568,Other,01/01/1900,,,,Not Applicable,,,,08/02/2015,
50038836,MELTKRAFT,MANHATTAN,151,E 43RD ST,10017,9088763200,Other,01/01/1900,,,,Not Applicable,,,,08/02/2015,
50038837,DUSK TUKK DAWN CARRIBEAN & AMERICAN CUISINE,BROOKLYN,371,E 98TH ST,11212,3475262127,Other,01/01/1900,,,,Not Applicable,,,,08/02/2015,
50038846,,MANHATTAN,711,7TH AVE,10036,9177679092,Other,01/01/1900,,,,Not Applicable,,,,08/02/2015,
50038853,EASTLANDS,BROOKLYN,53,WILSON AVE,11237,3472951338,Other,01/01/1900,,,,Not Applicable,,,,08/02/2015,
50038855,FRESH & CO.,MANHATTAN,58,E 8TH ST,10003,2124737301,Other,01/01/1900,,,,Not Applicable,,,,08/02/2015,
50038856,,QUEENS,9012,63RD DR,11374,7183975095,Other,01/01/1900,,,,Not Applicable,,,,08/02/2015,
50038858,,STATEN ISLAND,1310,FOREST AVE,10302,7182739016,Other,01/01/1900,,,,Not Applicable,,,,08/02/2015,
50038859,JUN-MEN RAMEN BAR,MANHATTAN,249,9TH AVE,10001,7023280392,Other,01/01/1900,,,,Not Applicable,,,,08/02/2015,
50038864,HUNAN PARK,MANHATTAN,721,COLUMBUS AVE,10025,2122226511,Other,01/01/1900,,,,Not Applicable,,,,08/02/2015,
50038871,RICKY'S CAFE,QUEENS,7502,37TH AVE,11372,7184781360,Other,01/01/1900,,,,Not Applicable,,,,08/02/2015,
50038877,HALAL DYNASTY CHINESE & MALAYSIAN RESTAURANT,QUEENS,17233A,HILLSIDE AVE,11432,7182986888,Other,01/01/1900,,,,Not Applicable,,,,08/02/2015,
50038882,MIKES DELI,BROOKLYN,9510,4TH AVE,11209,9176925786,Other,01/01/1900,,,,Not Applicable,,,,08/02/2015,
50038884,,BROOKLYN,1398,NOSTRAND AVE,11226,6466421975,Other,01/01/1900,,,,Not Applicable,,,,08/02/2015,
50038886,OKINII,MANHATTAN,216,THOMPSON ST,10012,9172914580,Other,01/01/1900,,,,Not Applicable,,,,08/02/2015,
50038892,ODE TO BABEL,BROOKLYN,772,DEAN ST,11238,9175350500,Other,01/01/1900,,,,Not Applicable,,,,08/02/2015,
50038896,,QUEENS,2914,36TH AVE,11106,7186061242,Other,01/01/1900,,,,Not Applicable,,,,08/02/2015,
50038900,,BRONX,640,PROSPECT AVE,10455,3472902498,Other,01/01/1900,,,,Not Applicable,,,,08/02/2015,
50038901,LE PAIN QUOTIDIEN,MANHATTAN,PQ,BRYANT PARK,10018,2123544224,Other,01/01/1900,,,,Not Applicable,,,,08/02/2015,
50038903,,MANHATTAN,100,FORSYTH ST,10002,9177704789,Other,01/01/1900,,,,Not Applicable,,,,08/02/2015,
50038906,LE PAIN QUOTIDIEN,MANHATTAN,434,BROADWAY,10013,2123599000,Other,01/01/1900,,,,Not Applicable,,,,08/02/2015,
50038907,LA PINATA MEXICAN CUISINE,MANHATTAN,711,W 181ST ST,10033,6469187432,Other,01/01/1900,,,,Not Applicable,,,,08/02/2015,
50038914,,MANHATTAN,2361,7TH AVE,10030,4136950608,Other,01/01/1900,,,,Not Applicable,,,,08/02/2015,
50038920,CRUMBS BAKE CORP,MANHATTAN,1418,LEXINGTON AVE,10128,2704153203,Other,01/01/1900,,,,Not Applicable,,,,08/02/2015,
50038921,,QUEENS,4235,MAIN ST,11355,7186403923,Other,01/01/1900,,,,Not Applicable,,,,08/02/2015,
50038922,CRUMBS BAKE CORP,MANHATTAN,420,LEXINGTON AVE,10170,2704153203,Other,01/01/1900,,,,Not Applicable,,,,08/02/2015,
50038923,PIZZA BEACH,MANHATTAN,167,ORCHARD ST,10002,2129666032,Other,01/01/1900,,,,Not Applicable,,,,08/02/2015,
50038925,CRUMBS BAKE SHOP,MANHATTAN,124,UNIVERSITY PL,10003,2704153203,Other,01/01/1900,,,,Not Applicable,,,,08/02/2015,
50038927,CRUMBS BAKE SHOP,STATEN ISLAND,2655,RICHMOND AVE,10314,2704153203,Other,01/01/1900,,,,Not Applicable,,,,08/02/2015,
50038936,PUTTIN ON A BAGEL COFFEE SHOP,STATEN ISLAND,714,CASTLETON AVE,10310,7184428715,Other,01/01/1900,,,,Not Applicable,,,,08/02/2015,
50038938,,BROOKLYN,6014,NEW UTRECHT AVE,11219,3472239827,Other,01/01/1900,,,,Not Applicable,,,,08/02/2015,
50038939,SAHARA CAFE HOOKAH LOUNGE,BRONX,1890,EASTCHESTER RD,10461,6463094173,Not Listed/Not Applicable,01/01/1900,,,,Not Applicable,,,,08/02/2015,
50038951,GIOVANNIS TRATTORIA,STATEN ISLAND,3800,RICHMOND AVE,10312,7182273914,Other,01/01/1900,,,,Not Applicable,,,,08/02/2015,
50038958,ONE IF BY LAND TWO IF BY SEA,MANHATTAN,17,BARROW ST,10014,2122558649,Other,01/01/1900,,,,Not Applicable,,,,08/02/2015,
50038961,,QUEENS,6216,WOODHAVEN BLVD,11374,7186722121,Other,01/01/1900,,,,Not Applicable,,,,08/02/2015,
50038965,BESPOKE KITCHEN,MANHATTAN,615 1/2,HUDSON ST,10014,2129893005,Other,01/01/1900,,,,Not Applicable,,,,08/02/2015,
50038967,PAPA JOHN'S PIZZA,MANHATTAN,2119,1ST AVE,10029,5166972297,Other,01/01/1900,,,,Not Applicable,,,,08/02/2015,
50038978,PIG GUY NYC,BROOKLYN,8413,3RD AVE,11209,9176420130,Other,01/01/1900,,,,Not Applicable,,,,08/02/2015,
50038979,ARTICHOKE BASILLE'S PIZZA,BROOKLYN,59,5TH AVE,11217,9175800409,Other,01/01/1900,,,,Not Applicable,,,,08/02/2015,
50038983,,QUEENS,1007,50TH AVE,11101,9176132058,Other,01/01/1900,,,,Not Applicable,,,,08/02/2015,
50038990,,BROOKLYN,773,51ST ST,11220,9175821833,Other,01/01/1900,,,,Not Applicable,,,,08/02/2015,
50039005,,MANHATTAN,83,3RD AVE,10003,9172240766,Other,01/01/1900,,,,Not Applicable,,,,08/02/2015,
50039006,,BROOKLYN,7303,18TH AVE,11204,3479223980,Other,01/01/1900,,,,Not Applicable,,,,08/02/2015,
50039007,,MANHATTAN,540,LAGUARDIA PL,10012,7187227229,Other,01/01/1900,,,,Not Applicable,,,,08/02/2015,
50039009,,QUEENS,NKA,JFK INTL AIRPORT,11430,2129033407,Other,01/01/1900,,,,Not Applicable,,,,08/02/2015,
50039027,CUPS AND STRAWS,QUEENS,14301,45TH AVE,11355,9174971631,Other,01/01/1900,,,,Not Applicable,,,,08/02/2015,
50039035,TEA & TEA CAFE,BROOKLYN,427,7TH AVE,11215,7187882628,Other,01/01/1900,,,,Not Applicable,,,,08/02/2015,
50039041,POPEYE'S,BRONX,2174,WHITE PLAINS RD,10462,7182271100,Other,01/01/1900,,,,Not Applicable,,,,08/02/2015,
50039046,SIP FRESCO,MANHATTAN,3590      ,BROADWAY                                          ,10031,,Other,01/01/1900,,,,Not Applicable,,,,08/02/2015,
50039055,VAN LEEUWEN ICE CREAM,BROOKLYN,204,WYTHE AVE,11249,,Other,01/01/1900,,,,Not Applicable,,,,08/02/2015,
50039056,THREE BROTHERS ISLAND DELI & GROCERY,STATEN ISLAND,1310,FOREST AVE,10302,7184470979,Other,01/01/1900,,,,Not Applicable,,,,08/02/2015,
50039058,PARAISO RESTAURANT & BAR,QUEENS,7004,ROOSEVELT AVE,11372,7186393501,Other,01/01/1900,,,,Not Applicable,,,,08/02/2015,
50039059,BROKEN SPOKE ROTISSERIE,MANHATTAN,439,3RD AVE,10016,2128896280,Other,01/01/1900,,,,Not Applicable,,,,08/02/2015,
50039064,,QUEENS,7614      ,LIBERTY AVE                                       ,11417,7188485499,Other,01/01/1900,,,,Not Applicable,,,,08/02/2015,
50039069,,BRONX,234,W 238TH ST,10463,6465152903,Other,01/01/1900,,,,Not Applicable,,,,08/02/2015,
50039072,LOVERS ROCK,BROOKLYN,419,TOMPKINS AVE,11216,3479150325,Other,01/01/1900,,,,Not Applicable,,,,08/02/2015,
50039073,,MANHATTAN,94,HESTER ST,10002,2122741978,Other,01/01/1900,,,,Not Applicable,,,,08/02/2015,
50039077,STOUT,MANHATTAN,60,E 41ST ST,10017,2129229009,Other,01/01/1900,,,,Not Applicable,,,,08/02/2015,
50039079,FARINELLA,MANHATTAN,267,AMSTERDAM AVE,10023,2123487500,Other,01/01/1900,,,,Not Applicable,,,,08/02/2015,
50039082,,MANHATTAN,521,GRAND ST,10002,2129950244,Other,01/01/1900,,,,Not Applicable,,,,08/02/2015,
50039083,,MANHATTAN,2289,1ST AVE,10035,2125349783,Other,01/01/1900,,,,Not Applicable,,,,08/02/2015,
50039086,BROOKLYN DARK,MANHATTAN,9,SAINT MARKS PL,10003,8882229911,Other,01/01/1900,,,,Not Applicable,,,,08/02/2015,
50039089,,MANHATTAN,124,HESTER ST,10002,9293348888,Other,01/01/1900,,,,Not Applicable,,,,08/02/2015,
50039094,VAUCLUSE,MANHATTAN,575,PARK AVE,10065,2129330694,Other,01/01/1900,,,,Not Applicable,,,,08/02/2015,
50039095,WAHLBURGERS,BROOKLYN,3015,STILLWELL AVE,11224,7189757330,Hamburgers,01/01/1900,,,,Not Applicable,,,,08/02/2015,
50039098,,BROOKLYN,1368,60TH ST,11219,7184387878,Other,01/01/1900,,,,Not Applicable,,,,08/02/2015,
50039107,HEALTHY FRESH INC,BRONX,1033,MORRIS PARK AVE,10461,7185011823,Other,01/01/1900,,,,Not Applicable,,,,08/02/2015,
50039124,,BROOKLYN,316,KINGS HWY,11223,3473719710,Other,01/01/1900,,,,Not Applicable,,,,08/02/2015,
50039126,DAVEY'S ICE CREAM,BROOKLYN,201,BEDFORD AVE,11211,6462458414,Other,01/01/1900,,,,Not Applicable,,,,08/02/2015,
50039128,SOUL OF THE SEA,BROOKLYN,3037,AVENUE V,11229,3479909580,Other,01/01/1900,,,,Not Applicable,,,,08/02/2015,
50039131,PRET A MANGER,MANHATTAN,787,SEVENTH AVE,10019,6467280858,Other,01/01/1900,,,,Not Applicable,,,,08/02/2015,
50039133,COMMUNITEA,QUEENS,1118,46TH RD,11101,7187297708,Other,01/01/1900,,,,Not Applicable,,,,08/02/2015,
50039135,LITTLE BASIL,MANHATTAN,153,E 26TH ST,10010,2126891444,Other,01/01/1900,,,,Not Applicable,,,,08/02/2015,
50039136,PRET A MANAGER,MANHATTAN,1071,AVENUE OF THE AMERICAS,10018,6467280505,Other,01/01/1900,,,,Not Applicable,,,,08/02/2015,
50039141,AMALI MOU,MANHATTAN,230,PARK AVE,10169,9174352624,Other,01/01/1900,,,,Not Applicable,,,,08/02/2015,
50039145,,MANHATTAN,230,PARK AVE,10169,9176699445,Other,01/01/1900,,,,Not Applicable,,,,08/02/2015,
50039146,BROWN BETTY RESTAURANT,QUEENS,13204,LIBERTY AVE,11419,5164102399,Caribbean,01/01/1900,,,,Not Applicable,,,,08/02/2015,
50039150,RESTAURANT TATIANA,BROOKLYN,3152,BRIGHTON 6TH ST,11235,7188915151,Russian,01/01/1900,,,,Not Applicable,,,,08/02/2015,
50039157,,MANHATTAN,230,PARK AVE,10169,9174943217,Other,01/01/1900,,,,Not Applicable,,,,08/02/2015,
50039173,,BRONX,800,E 149TH ST,10455,3475532990,Other,01/01/1900,,,,Not Applicable,,,,08/02/2015,
50039176,STAGE  DOOR DELICATESSEN,MANHATTAN,360,9TH AVE,10001,,Other,01/01/1900,,,,Not Applicable,,,,08/02/2015,
50039187,,BROOKLYN,7202,NEW UTRECHT AVE,11228,3479160006,Other,01/01/1900,,,,Not Applicable,,,,08/02/2015,
50039189,MCDONALD'S,BRONX,16,WESTCHESTER SQ,10461,9142823364,Other,01/01/1900,,,,Not Applicable,,,,08/02/2015,
50039198,,BRONX,3363,E TREMONT AVE,10461,7186841309,Other,01/01/1900,,,,Not Applicable,,,,08/02/2015,
50039200,,MANHATTAN,31,LEXINGTON AVE,10010,,Other,01/01/1900,,,,Not Applicable,,,,08/02/2015,
50039201,,BROOKLYN,6409,8TH AVE,11220,7182381122,Other,01/01/1900,,,,Not Applicable,,,,08/02/2015,
50039207,,QUEENS,3916,COLLEGE POINT BLVD,11354,3473202880,Other,01/01/1900,,,,Not Applicable,,,,08/02/2015,
50039211,"TIP OF THE TONGUE, PROSPECT PARK",BROOKLYN,40,WEST ST,11215,9173248625,Other,01/01/1900,,,,Not Applicable,,,,08/02/2015,
50039213,MAJESTIC PIZZA,MANHATTAN,8,CORTLANDT ST,10007,2123494046,Other,01/01/1900,,,,Not Applicable,,,,08/02/2015,
50039214,WALDORF ASTORIA,MANHATTAN,301,PARK AVE,10022,7038831000,Other,01/01/1900,,,,Not Applicable,,,,08/02/2015,
50039216,WALDORF ASTORIA HOTEL,MANHATTAN,301,PARK AVE,10022,7038831000,Other,01/01/1900,,,,Not Applicable,,,,08/02/2015,
50039217,WALDORF ASTORIA HOTEL,MANHATTAN,301,PARK AVE,10022,7038831000,Other,01/01/1900,,,,Not Applicable,,,,08/02/2015,
50039218,WALDORF ASTORIA HOTEL,MANHATTAN,301,PARK AVE,10022,7038831000,Other,01/01/1900,,,,Not Applicable,,,,08/02/2015,
50039219,BOMBAY SANDWICH CO LLC,MANHATTAN,230,PARK AVE,10169,2015728071,Other,01/01/1900,,,,Not Applicable,,,,08/02/2015,
50039223,HALAL GYRO MANIA,BROOKLYN,2151,BATH AVE,11214,7186676226,Other,01/01/1900,,,,Not Applicable,,,,08/02/2015,
50039224,STARBUCKS COFFEE,MANHATTAN,525,W 26TH ST,10001,2126159700,Other,01/01/1900,,,,Not Applicable,,,,08/02/2015,
50039227,STARBUCKS COFFEE COMPANY #25446,BRONX,260,E 161ST ST,10451,2126159700,Other,01/01/1900,,,,Not Applicable,,,,08/02/2015,
50039250,"NEW LIN'S GARDEN, INC.",BRONX,3986,WHITE PLAINS RD,10466,7185190135,Other,01/01/1900,,,,Not Applicable,,,,08/02/2015,
50039260,STARBUCKS COFFEE STSORE #25039,MANHATTAN,140,E 45TH ST,10017,2126159700,Other,01/01/1900,,,,Not Applicable,,,,08/02/2015,
50039268,CLUB BONAFIDE,MANHATTAN,212,E 52ND ST,10022,6469186189,Other,01/01/1900,,,,Not Applicable,,,,08/02/2015,
50039280,LEAF ROOFTOP LOUNGE,QUEENS,13342,39TH AVE,11354,3476921959,Other,01/01/1900,,,,Not Applicable,,,,08/02/2015,
50039282,STERLING AFFAIR,BROOKLYN,250,JORALEMON ST,11201,7187806525,Other,01/01/1900,,,,Not Applicable,,,,08/02/2015,
50039283,HEARTLAND BREWERY,BROOKLYN,529,WAVERLY AVE,11238,6462632921,Other,01/01/1900,,,,Not Applicable,,,,08/02/2015,
50039284,,MANHATTAN,20,WARREN ST,10007,2126732361,Other,01/01/1900,,,,Not Applicable,,,,08/02/2015,
50039286,,MANHATTAN,300,GRAND ST,10002,2129251662,Other,01/01/1900,,,,Not Applicable,,,,08/02/2015,
50039287,,BROOKLYN,17,NASSAU AVE,11222,3474466553,Other,01/01/1900,,,,Not Applicable,,,,08/02/2015,
50039289,,QUEENS,6123,SPRINGFIELD BLVD,11364,3474084172,Other,01/01/1900,,,,Not Applicable,,,,08/02/2015,
50039291,,QUEENS,16316,NORTHERN BLVD,11358,7186611544,Other,01/01/1900,,,,Not Applicable,,,,08/02/2015,
50039293,STOP TIME,BROOKLYN,1223,BEDFORD AVE,11216,718230,Other,01/01/1900,,,,Not Applicable,,,,08/02/2015,
50039294,CHEF QUANG GUYANESE CHINESE EXPRESS,BROOKLYN,3360,ATLANTIC AVE,11208,,Other,01/01/1900,,,,Not Applicable,,,,08/02/2015,
50039301,,BRONX,5693,RIVERDALE AVE,10471,2128767600,Other,01/01/1900,,,,Not Applicable,,,,08/02/2015,
50039303,JAGERHAUS GASTROPUB,QUEENS,1516,149TH ST,11357,6468836540,Other,01/01/1900,,,,Not Applicable,,,,08/02/2015,
50039304,MAIDEN LANE,MANHATTAN,230,PARK AVE,10169,9173189172,Other,01/01/1900,,,,Not Applicable,,,,08/02/2015,
50039305,Bin 5,STATEN ISLAND,1233,BAY ST,10305,7183094224,Other,01/01/1900,,,,Not Applicable,,,,08/02/2015,
50039306,WALDORF ASTORIA HOTEL,MANHATTAN,301,PARK AVE,10022,7038831000,Other,01/01/1900,,,,Not Applicable,,,,08/02/2015,
50039307,WALDORF ASTORIA HOTEL,MANHATTAN,301,PARK AVE,10022,7038831000,Other,01/01/1900,,,,Not Applicable,,,,08/02/2015,
50039327,,BROOKLYN,539,FLATBUSH AVE,11225,9176516158,Other,01/01/1900,,,,Not Applicable,,,,08/02/2015,
50039330,LIBERTY GRANT CAFFE,BROOKLYN,1170,LIBERTY AVE,11208,7182771223,Other,01/01/1900,,,,Not Applicable,,,,08/02/2015,
50039333,AUNTIE ANNES PRETZELS,STATEN ISLAND,2655,RICHMOND AVE,10314,7186981600,Other,01/01/1900,,,,Not Applicable,,,,08/02/2015,
50039335,AUNTIE ANNE'S PRETZELS,STATEN ISLAND,2655,RICHMOND AVE,10314,7186981600,Other,01/01/1900,,,,Not Applicable,,,,08/02/2015,
50039348,LILLIES RESTAURANT & BAR,STATEN ISLAND,290,WILD AVE,10314,9175088212,Other,01/01/1900,,,,Not Applicable,,,,08/02/2015,
50039356,,BROOKLYN,5523,7TH AVE,11220,6462507346,Other,01/01/1900,,,,Not Applicable,,,,08/02/2015,
50039357,PETITE COCOTTE,MANHATTAN,110,THOMPSON ST,10012,2129659100,Other,01/01/1900,,,,Not Applicable,,,,08/02/2015,
50039358,A & P ROTI & PASTRY SHOP,BROOKLYN,4902,CHURCH AVE,11203,7182873289,Other,01/01/1900,,,,Not Applicable,,,,08/02/2015,
50039359,,BROOKLYN,687,5TH AVE,11215,7183695000,Other,01/01/1900,,,,Not Applicable,,,,08/02/2015,
50039363,,MANHATTAN,750,9TH AVE,10019,21231550555,Other,01/01/1900,,,,Not Applicable,,,,08/02/2015,
50039365,NYHAMMINS,BRONX,647,COURTLANDT AVE,10451,3475901997,Other,01/01/1900,,,,Not Applicable,,,,08/02/2015,
50039368,GOOD NIGHT SONNY,MANHATTAN,134,1ST AVE,10009,9173328432,Other,01/01/1900,,,,Not Applicable,,,,08/02/2015,
50039374,SILVER STAR ROTI SHOP ,QUEENS,12430,ROCKAWAY BLVD,11420,9177767353,Other,01/01/1900,,,,Not Applicable,,,,08/02/2015,
50039377,MUNCHERY,BROOKLYN,268,3RD AVE,11215,9176135791,Other,01/01/1900,,,,Not Applicable,,,,08/02/2015,
50039378,SUBWAY,BROOKLYN,66,COURT ST,11201,8482280276,Other,01/01/1900,,,,Not Applicable,,,,08/02/2015,
50039380,BK9,BROOKLYN,62,5TH AVE,11217,7188095526,Other,01/01/1900,,,,Not Applicable,,,,08/02/2015,
50039384,,BROOKLYN,605,AVENUE Z,11223,7188911880,Other,01/01/1900,,,,Not Applicable,,,,08/02/2015,
50039390,,QUEENS,392,WOODWARD AVE,11385,7187302880,Other,01/01/1900,,,,Not Applicable,,,,08/02/2015,
50039396,SUGAR FACTORY MEATPACKING,MANHATTAN,835,WASHINGTON ST,10014,8555052020,Other,01/01/1900,,,,Not Applicable,,,,08/02/2015,
50039399,,BROOKLYN,5719,FLATLANDS AVE,11234,7188129864,Other,01/01/1900,,,,Not Applicable,,,,08/02/2015,
50039402,,QUEENS,3757,90TH ST,11372,7185077100,Other,01/01/1900,,,,Not Applicable,,,,08/02/2015,
50039403,,QUEENS,4142A,MAIN ST,11355,7184618899,Other,01/01/1900,,,,Not Applicable,,,,08/02/2015,
50039408,,MANHATTAN,47,MARKET ST,10002,6464623398,Other,01/01/1900,,,,Not Applicable,,,,08/02/2015,
50039409,,QUEENS,1008,CLINTONVILLE ST,11357,7183448875,Other,01/01/1900,,,,Not Applicable,,,,08/02/2015,
50039410,,QUEENS,3906,63RD ST,11377,3472391824,Other,01/01/1900,,,,Not Applicable,,,,08/02/2015,
50039412,ANDAZ RESTAURANT,MANHATTAN,1378,1ST AVE,10021,,Other,01/01/1900,,,,Not Applicable,,,,08/02/2015,
50039416,BANKOK B.A.R.,MANHATTAN,230,PARK AVE,10169,9172447158,Other,01/01/1900,,,,Not Applicable,,,,08/02/2015,
50039418,,BRONX,4279,KATONAH AVE,10470,7189948323,Other,01/01/1900,,,,Not Applicable,,,,08/02/2015,
50039421,KHAO THAI ,MANHATTAN,235,SULLIVAN ST,10012,6467264418,Other,01/01/1900,,,,Not Applicable,,,,08/02/2015,
50039426,,MANHATTAN,45,BAYARD ST,10013,6465918886,Other,01/01/1900,,,,Not Applicable,,,,08/02/2015,
50039428,,BROOKLYN,557,LORIMER ST,11211,9176565633,Other,01/01/1900,,,,Not Applicable,,,,08/02/2015,
50039432,BROOKFIELD PLACE CONF. CENTER,MANHATTAN,250,VESEY ST,10281,6468550964,Other,01/01/1900,,,,Not Applicable,,,,08/02/2015,
50039435,,QUEENS,10513,JAMAICA AVE,11418,9177317857,Other,01/01/1900,,,,Not Applicable,,,,08/02/2015,
50039436,PIG N WHISTLE,MANHATTAN,144,W 46TH ST,10036,6469427495,Other,01/01/1900,,,,Not Applicable,,,,08/02/2015,
50039438,STARLINER CAFE AND MARKET,BROOKLYN,1206,NOSTRAND AVE,11225,9174004134,Other,01/01/1900,,,,Not Applicable,,,,08/02/2015,
50039443,,BROOKLYN,1215,LIBERTY AVE,11208,,Other,01/01/1900,,,,Not Applicable,,,,08/02/2015,
50039444,GUCKENHEIMER @ TWITTER,MANHATTAN,245,W 17TH ST,10011,6505923800,Other,01/01/1900,,,,Not Applicable,,,,08/02/2015,
50039445,GUCKENHEIMER @ TWITTER,MANHATTAN,245,W 17TH ST,10011,6505923800,Other,01/01/1900,,,,Not Applicable,,,,08/02/2015,
50039446,,QUEENS,25811,HILLSIDE AVE,11004,,Other,01/01/1900,,,,Not Applicable,,,,08/02/2015,
50039447,,BRONX,157,E 174TH ST,10457,7188936187,Other,01/01/1900,,,,Not Applicable,,,,08/02/2015,
50039450,Mary Food Corp,QUEENS,12432,QUEENS BLVD,11415,7182639600,Other,01/01/1900,,,,Not Applicable,,,,08/02/2015,
50039452,TEA PEOPLE,MANHATTAN,150,BROADWAY,10038,6179019264,Other,01/01/1900,,,,Not Applicable,,,,08/02/2015,
50039461,MP TAVERNA,BROOKLYN,470,DRIGGS AVE,11211,1917 621 586,Other,01/01/1900,,,,Not Applicable,,,,08/02/2015,
50039469,,QUEENS,14906,NORTHERN BLVD,11354,5165241189,Other,01/01/1900,,,,Not Applicable,,,,08/02/2015,
50039472,,BRONX,700,RHINELANDER AVE,10462,7189189181,Other,01/01/1900,,,,Not Applicable,,,,08/02/2015,
50039475,UNIVERSAL HALAL,QUEENS,12816,LIBERTY AVE,11419,7183484383,Other,01/01/1900,,,,Not Applicable,,,,08/02/2015,
50039486,,MANHATTAN,58,W 8TH ST,10011,9172573650,Other,01/01/1900,,,,Not Applicable,,,,08/02/2015,
50039487,,QUEENS,13620,ROOSEVELT AVE,11354,9173256264,Other,01/01/1900,,,,Not Applicable,,,,08/02/2015,
50039489,,BRONX,3490,THIRD AVE,10456,9148265817,Other,01/01/1900,,,,Not Applicable,,,,08/02/2015,
50039490,,BROOKLYN,5820,7TH AVE,11220,3475709888,Other,01/01/1900,,,,Not Applicable,,,,08/02/2015,
50039491,2 BRO'S PIZZA,MANHATTAN,601,6TH AVE,10011,2122391117,Other,01/01/1900,,,,Not Applicable,,,,08/02/2015,
50039492,,BROOKLYN,2107,CORTELYOU RD,11226,7188568056,Other,01/01/1900,,,,Not Applicable,,,,08/02/2015,
50039494,,QUEENS,4005,BROADWAY,11103,7187289511,Other,01/01/1900,,,,Not Applicable,,,,08/02/2015,
50039495,,MANHATTAN,79,PINE ST,10005,2127851320,Other,01/01/1900,,,,Not Applicable,,,,08/02/2015,
50039497,TOMO JAPENESE CUISINE,QUEENS,8612A     ,37TH AVE                                          ,11372,,Other,01/01/1900,,,,Not Applicable,,,,08/02/2015,
50039502,,BRONX,906,E 180TH ST,10460,3475771511,Other,01/01/1900,,,,Not Applicable,,,,08/02/2015,
50039503,,BRONX,870,HUNTS POINT AVE,10474,7183285959,Other,01/01/1900,,,,Not Applicable,,,,08/02/2015,
50039506,,BROOKLYN,24,WILLOUGHBY ST,11201,7182540703,Other,01/01/1900,,,,Not Applicable,,,,08/02/2015,
50039509,,BRONX,1141,WASHINGTON AVE,10456,7187440944,Other,01/01/1900,,,,Not Applicable,,,,08/02/2015,
50039510,KETSIE GROCERY ,BRONX,865,E 149TH ST,10455,7187426755,Other,01/01/1900,,,,Not Applicable,,,,08/02/2015,
50039514,"CATANIA'S PIZZA CAFE, INC",BRONX,2307,ARTHUR AVE,10458,7185843583,Other,01/01/1900,,,,Not Applicable,,,,08/02/2015,
50039517,CREMA BK,BROOKLYN,182,DRIGGS AVE,11222,9174127375,Other,01/01/1900,,,,Not Applicable,,,,08/02/2015,
50039522,SONRIE CON NOSOTROS,QUEENS,4819,SKILLMAN AVE,11104,3475673692,Other,01/01/1900,,,,Not Applicable,,,,08/02/2015,
50039524,CREPES AND DELICES,MANHATTAN,222,E 86TH ST,10028,6968530718,Other,01/01/1900,,,,Not Applicable,,,,08/02/2015,
50039531,LITTLE CAESARS,BROOKLYN,10124,SEAVIEW AVE,11236,3477024226,Other,01/01/1900,,,,Not Applicable,,,,08/02/2015,
50039532,,QUEENS,6911      ,NORTHERN BLVD                                                                                       ,11377,7186518080,Other,01/01/1900,,,,Not Applicable,,,,08/02/2015,
50039535,TASTY HAND-PULLED NOODLES,MANHATTAN,648,9TH AVE,10036,9173536685,Other,01/01/1900,,,,Not Applicable,,,,08/02/2015,
50039550,,BROOKLYN,5910,8TH AVE,11220,7185679288,Other,01/01/1900,,,,Not Applicable,,,,08/02/2015,
50039553,"SWEET HOSPITALITY GROUP, LLC",MANHATTAN,130,W 56TH ST,10019,2125825472,Other,01/01/1900,,,,Not Applicable,,,,08/02/2015,
50039561,UNCLE LUA YANG,MANHATTAN,928,AMSTERDAM AVE,10025,2123908886,Other,01/01/1900,,,,Not Applicable,,,,08/02/2015,
50039564,TRAVESIAS CAFE,BRONX,3830-34,E TREMONT AVE,10465,3478987042,Other,01/01/1900,,,,Not Applicable,,,,08/02/2015,
50039566,,BRONX,211,E 198TH ST,10458,9173304730,Other,01/01/1900,,,,Not Applicable,,,,08/02/2015,
50039569,,BRONX,2155,GRAND CONCOURSE,10453,7183013250,Other,01/01/1900,,,,Not Applicable,,,,08/02/2015,
50039571,,QUEENS,3916,COLLEGE POINT BLVD,11354,9178558916,Other,01/01/1900,,,,Not Applicable,,,,08/02/2015,
50039576,JOSE EL PATRON,QUEENS,5309,106TH ST,11368,2124702472,Other,01/01/1900,,,,Not Applicable,,,,08/02/2015,
50039585,THE DOUGHNUT PROJECT,MANHATTAN,10,MORTON ST,10014,2139263756,Other,01/01/1900,,,,Not Applicable,,,,08/02/2015,
50039590,,BRONX,1,E BURNSIDE AVE,10453,7186693752,Other,01/01/1900,,,,Not Applicable,,,,08/02/2015,
50039592,,BRONX,232,E 198TH ST,10458,7186693752,Other,01/01/1900,,,,Not Applicable,,,,08/02/2015,
50039595,,MANHATTAN,2041,1ST AVE,10029,,Other,01/01/1900,,,,Not Applicable,,,,08/02/2015,
50039597,,BROOKLYN,507,PINE ST,11208,7187089312,Other,01/01/1900,,,,Not Applicable,,,,08/02/2015,
50039600,,MANHATTAN,39,E 31ST ST,10016,2126790888,Other,01/01/1900,,,,Not Applicable,,,,08/02/2015,
50039611,BURGER MEXICANA,BROOKLYN,545,FLATBUSH AVE,11225,9174996019,Other,01/01/1900,,,,Not Applicable,,,,08/02/2015,
50039613,,BRONX,859,E 149TH ST,10455,3475905775,Other,01/01/1900,,,,Not Applicable,,,,08/02/2015,
50039620,OLIVIER CHENG SPRING CAFE,MANHATTAN,6,SAINT JOHNS LN,10013,2126253151,Other,01/01/1900,,,,Not Applicable,,,,08/02/2015,
50039626,OVENLY,MANHATTAN,230,PARK AVE,10169,3477253322,Other,01/01/1900,,,,Not Applicable,,,,08/02/2015,
50039631,PANDA EXPRESS #2547,BRONX,1,W FORDHAM RD,10468,6267999898,Other,01/01/1900,,,,Not Applicable,,,,08/02/2015,
50039632,YAHOO NYC CAFE,MANHATTAN,229,W 43RD ST,10036,2124695242,Other,01/01/1900,,,,Not Applicable,,,,08/02/2015,
50039633,BANK OF AMERICA,MANHATTAN,114,W 47TH ST,10036,6468550964,Other,01/01/1900,,,,Not Applicable,,,,08/02/2015,
50039634,ABC STARBUCKS,MANHATTAN,47,W 66TH ST,10023,2124564274,Other,01/01/1900,,,,Not Applicable,,,,08/02/2015,
50039641,AB'S MEAT MARKET,BROOKLYN,123,WYCKOFF AVE,11237,3479402573,Other,01/01/1900,,,,Not Applicable,,,,08/02/2015,
50039648,,QUEENS,7415,ROOSEVELT AVE,11372,7184244994,Other,01/01/1900,,,,Not Applicable,,,,08/02/2015,
50039654,XYZ,MANHATTAN,102,E 7TH ST,10009,7182190313,Other,01/01/1900,,,,Not Applicable,,,,08/02/2015,
50039655,,QUEENS,10119     ,ROCKAWAY BEACH BLVD                               ,11694,3476199417,Other,01/01/1900,,,,Not Applicable,,,,08/02/2015,
50039656,,MANHATTAN,58,ALLEN ST,10002,9177550437,Other,01/01/1900,,,,Not Applicable,,,,08/02/2015,
50039666,,QUEENS,5008,SKILLMAN AVE,11377,7184466092,Other,01/01/1900,,,,Not Applicable,,,,08/02/2015,
50039667,,BROOKLYN,5602,6TH AVE,11220,7184398621,Other,01/01/1900,,,,Not Applicable,,,,08/02/2015,
50039668,,MANHATTAN,203,E 26TH ST,10010,6462230213,Other,01/01/1900,,,,Not Applicable,,,,08/02/2015,
50039679,RAMEN SHACK,QUEENS,4329,CRESCENT ST,11101,7148832178,Other,01/01/1900,,,,Not Applicable,,,,08/02/2015,
50039681,,BROOKLYN,4924,8TH AVE,11220,9172508192,Other,01/01/1900,,,,Not Applicable,,,,08/02/2015,
50039683,,BRONX,221,W 230TH ST,10463,7186011168,Other,01/01/1900,,,,Not Applicable,,,,08/02/2015,
50039685,,QUEENS,12812,LIBERTY AVE,11419,,Other,01/01/1900,,,,Not Applicable,,,,08/02/2015,
50039687,M2 BILLARDS & LOUNGE,QUEENS,8750,LEFFERTS BLVD,11418,,Other,01/01/1900,,,,Not Applicable,,,,08/02/2015,
50039690,FISH FISH MO FISH,BROOKLYN,612,VANDERBILT AVE,11238,7184844090,Other,01/01/1900,,,,Not Applicable,,,,08/02/2015,
50039695,,QUEENS,24911,NORTHERN BLVD,11362,7182298788,Other,01/01/1900,,,,Not Applicable,,,,08/02/2015,
