bioguide_id,twitter_id,twitter_username,facebook_id,facebook_username,youtube_id,youtube_username,instagram_id,instagram_username
R000600,3026622545,RepAmata,1537155909907320,congresswomanaumuaamata,UCGdrLQbt1PYDTPsampx4t1A,,,
H001070,2964222544,RepHardy,320612381469421,RepCresentHardy,UCc8E6NWCdgrXjBVI2NNPYdA,RepHardy,,
G000546,29766367,RepSamGraves,,,,,,
Y000064,234128524,RepToddYoung,186203844738421,RepToddYoung,UCuknj4PGn91gHDNAfboZEgQ,RepToddYoung,,
E000295,2856787757,SenJoniErnst,351671691660938,senjoniernst,UCLwrmtF_84FIcK3TyMs4MIw,,1582702853,senjoniernst
T000476,2964174789,senthomtillis,1576257352609470,SenatorThomTillis,UCUD9VGV4SSGWjGdbn37Ea2w,,,
Y000063,252819642,RepKevinYoder,154026694650252,CongressmanKevinYoder,UCCeYmn4A8kZEHCcAfeUW9lQ,RepYoder,,
Y000062,384913290,RepJohnYarmuth,214258646163,214258646163,UCy5KW4yrEfEiyZRX45Eoxkg,RepJohnYarmuth,,
Y000033,37007274,RepDonYoung,7476269851,RepDonYoung,UCg5ZIR5-82EbJiNeI1bqT-A,RepDonYoung,,
W000809,234469322,Rep_SteveWomack,135898413136490,RepSteveWomack,UCXJbUDLYX-wGIhRuN66hqZw,CongressmanWomack,,
W000808,234014087,RepWilson,162327487151626,RepWilson,UCP5QBhng_lHv-vJgE_h7lpA,repfredericawilson,,
W000806,281540744,RepWebster,188572961157305,RepWebster,UCCoX4VdU7U11eGEA0lbRtLw,repdanwebster,,
W000805,7429102,MarkWarner,7935122852,MarkRWarner,UCwyivNlEGf4sGd1oDLfY5jw,SenatorMarkWarner,515327940,senatorwarner
W000804,15356407,RobWittman,38932542633,RepRobWittman,UCIqIb-OaTbkIdU426eYIdPg,RobWittman,,
W000802,242555999,SenWhitehouse,194172833926853,SenatorWhitehouse,UCnG0N70SNBkNqvIMLodPTIA,SenatorWhitehouse,,SenWhitehouse
W000800,1410590874,PeterWelch,72680720883,PeterWelch,UC0YfApJx6qNaAQ-ir93U8xA,reppeterwelch,1559860900,peterwelchvt
W000798,237862972,RepWalberg,187654104587692,RepWalberg,UChpf3_3Wn8f3qSJbsYXrhvg,RepWalberg,,
W000797,1140648348,RepDWStweets,88904724121,RepDWS,UCfHQiJVvMlYbVAxrMSLdO4w,RepWassermanSchultz,,RepDWSTweets
W000796,137407124,RepWestmoreland,71389451419,71389451419,UCofsQVHgAUcxNoV5RP6XyYg,RepLynnWestmoreland,,
W000795,254082173,RepJoeWilson,70150469414,JoeWilson,UC3aR1B8m7Z1uycO65yDnpCg,RepJoeWilson,519685522,repjoewilson
W000791,32010840,RepGregWalden,313301365382225,repgregwalden,UCyaDp6ANSM9tvW7Y3LT_4KQ,RepGregWalden,382962594,repgregwalden
W000779,250188760,RonWyden,,,UCsd3UEaoLoqX60P88BdpGGw,senronwyden,9443881,wydenpress
W000437,264219447,SenatorWicker,,SenatorWicker,UCIlKHiTjSkcQP_knBcXHWSg,SenatorWicker,367948073,senatorwicker
W000413,234906311,RepEdWhitfield,91115765425,RepEdWhitfield,UCnt-VKq7FFzt3EWoo6mhDoA,WhitfieldKY01,,
W000187,36686040,MaxineWaters,117483585008,MaxineWaters,UCOQ2js1VYFlo74n7Ns8WsLQ,MaxineWaters,,
V000128,18137749,ChrisVanHollen,109304033877,chrisvanhollen,UCkpfJWu1N9Okd6PE_NidtBQ,RepChrisVanHollen,268595235,chrisvanhollen
V000108,193872188,RepVisclosky,118723661514709,repvisclosky,UC9njNo6tTComo9Kn7imz7Mg,PeteVisclosky1,,
V000081,164369297,NydiaVelazquez,8037068318,8037068318,UCqMKPkKeeHFOOiZ9vxhXGVg,nydiavelazquez,,
U000039,60828944,SenatorTomUdall,106433512869,senatortomudall,UCADpIVS6bxOcr-uWnJCC9pQ,senatortomudall,,
U000031,124224165,RepFredUpton,212027388827797,RepFredUpton,UCsN16IzEo4ViZNEMgeCrQ7w,RepFredUpton,,
T000470,242873057,RepTipton,191428784201721,CongressmanScottTipton,UCh9ssh1dvzpr1HOWaFm8rcg,RepScottTipton,,
T000469,84119348,RepPaulTonko,30671144824,paul.tonko,UC3P2SGFmmuCYRsjeso0hOQQ,reppaultonko,,
T000468,122174004,RepDinaTitus,120660834778561,CongresswomanTitus,UC_US4jNqECuMSNrB7yVCbbw,CongresswomanTitus,1110185253,dinatitusnv
T000467,18967498,CongressmanGT,14463006747,CongressmanGT,UCNWX7lbWWvnNdzVMFI9DRiQ,CongressmanGT,,
T000465,242892689,NikiInTheHouse,131079823624873,RepTsongas,UCVyHRbyMpIF3_Xfl4LzumCA,RepTsongas,,
T000464,515822213,SenatorTester,210573031664,senatortester,UCgXAF-CON1coZFMxQkfj0fg,senatorjontester,,
T000463,51228911,RepMikeTurner,9275036647,RepMikeTurner,UC-6Ss-aZ3OPisf9GdVGtN8g,CongressmanTurner,,
T000462,3145255727,TiberiPress,90452932937,RepPatTiberi,UCr9reyLip23im9SVDJ9IGAg,PatTiberi,1213878120,pattiberi
T000461,221162525,SenToomey,189274047751251,senatortoomey,UCDUM4FFU1p-_YuHqmBglyXw,sentoomey,,
T000460,303861808,RepThompson,7109195747,RepMikeThompson,UC6pGbtqHZYZmScFGSz5bbdg,CongressmanMThompson,,
T000250,296361085,SenJohnThune,,,UCRu6lpRfxhkDGUrKDgQNZYQ,johnthune,,
T000238,377534571,MacTXPress,7760165627,repmacthornberry,UCIfCqubtIZnQDwDS8YNmL2A,RepMacThornberry,,
T000193,82453460,BennieGThompson,7259193379,7259193379,UCzt2pBxh0dI24kYrWretXRw,RepBennieThompson,347410575,benniegthompson
S001189,234797704,AustinScottGA08,131177916946914,RepAustinScott,UC5M7eKHKQStktMyjieiHYZQ,RepAustinScott,,
S001188,211901075,RepStutzman,109067049164902,CongressmanMarlinStutzman,UC2B2GD4YKasXj4a9Hmbsylw,repstutzman,,
S001187,211420609,RepSteveStivers,116058275133542,116058275133542,UCfZrE20pIcR-LeFUV7r2Ixw,RepSteveStivers,,RepSteveStivers
S001185,381152398,RepTerriSewell,117758198297225,RepSewell,UCHkEHtfrfUWOFtbUFQTQH7Q,RepSewell,,
S001184,217543151,SenatorTimScott,163207553711385,SenatorTimScott,UCSfAsbG80CNInSKrtpKoL-w,SenatorTimScott,,SenatorTimScott
S001183,229197216,RepDavid,150338151681908,repdavidschweikert,UCVvuNVzkOUp7p_Pzkc6Zuvw,RepDavidSchweikert,181147397,repdavid
S001181,109287731,SenatorShaheen,127503767282103,SenatorShaheen,UCjLZAZMbDrybHyttdEC9LFA,senatorshaheen,,
S001180,20545793,RepSchrader,94978896695,repschrader,UCrWRXVaGJtcImc_kknuDsAw,repkurtschrader,,
S001179,23951197,AaronSchock,70882853544,RepAaronSchock,UCp3CYd4lYy9QZbWTxEY_MoA,repaaronschock,,
S001177,,,153423912663,153423912663,UC-fbzxBSiC98eAE2goaANVQ,CongressmanSablan,,
S001176,1209417007,SteveScalise,50936151681,RepSteveScalise,UCmYveHBVXVBRxl7GiCL-gjw,RepSteveScalise,1210937919,stevescalise
S001175,24913074,RepSpeier,99332606976,JackieSpeier,UCevmyTb0HSO8irVaR2gYyoA,jackiespeierca12,,
S001172,296245061,RepAdrianSmith,,,UCIgn2z-hwxx_aeggnyhv54Q,RepAdrianSmith,,
S001165,2193480787,Rep_Albio_Sires,81058818750,81058818750,UCfdEcWPNGoIxpYoTANF4PBA,RepSiresNJ13,,
S001157,168673083,RepDavidScott,113303673339,113303673339,UCgf28zRkLSqAUiPuJhGdF0w,RepDavidScott,,
S001156,312134473,RepLindaSanchez,110685735673141,CongresswomanLindaSanchez,UCu1K6uHxjMgj2mvzM7O9-ow,LindaTSanchez,,
S001154,22527499,RepBillShuster,54386677806,Rep.Shuster,UCEfLAXoX-pV3ETccADGOdXg,repshuster,,
S001150,29501253,RepAdamSchiff,9086721830,RepAdamSchiff,UCadiUi-KZoFk1K5ZDsluLcA,adamschiff,,
S001148,76132891,CongMikeSimpson,96007744606,96007744606,UCNXe0rJJeULTAP_7oyQNw8g,CongMikeSimpson,,
S001145,24195214,JanSchakowsky,160143957118,janschakowsky,UCuCHHPSENUEaaeH8n_CYDXQ,repschakowsky,,
S001141,47975734,SenatorSessions,23444159584,jeffsessions,UCd5Nv9gL89TCR03kD2SfaIQ,SenatorSessions,,
S000770,76456274,SenStabenow,,,UCFoDKCvxSwCUfDv-4Eg4K5A,senatorstabenow,,
S000583,15856366,LamarSmithTX21,107736785195,LamarSmithTX21,UCc2q5flh9dSoyg4W9osGW8Q,lamarsmithtexas21,,
S000510,58928690,RepAdamSmith,288586617834523,RepAdamSmith,UCcrHso483LOfC6WwDnzAh-g,CongressmanAdamSmith,,
S000480,63169388,LouiseSlaughter,82424647700,RepLouiseSlaughter,UCm9G5-ikIk62LgZxRnlB7fg,louiseslaughter,,
S000364,15600527,RepShimkus,123916254317516,repshimkus,UCVXSvuk-csQRKBI0oPzcEnw,repshimkus,,
S000344,30216513,BradSherman,63158229861,63158229861,UCPisrz6-SLwVy2l9Mcy8kug,shermanca27,,
S000320,21111098,SenShelby,50850514797,RichardShelby,UCyMzDCRZrmhr_OGDjVuAeJw,SenatorRichardShelby,,
S000250,24735461,PeteSessions,367963843082,petesessions,UCDSBWdAlrCZq2W8P3wR_LCg,PeteSessions,,
S000248,33563161,RepJoseSerrano,273446508512,RepJoseSerrano,,,1422526654,repjoseserrano
S000244,851621377,JimPressOffice,,RepSensenbrenner,UCUNfNsc2CVsqivJ2wThQF6A,RepSensenbrenner,,
S000185,161791703,RepBobbyScott,123839200978190,CongressmanBobbyScott,UCdNNcpw8arCsUp55JwK_QAA,repbobbyscott,1173348983,repbobbyscott
S000148,17494010,SenSchumer,15771239406,chuckschumer,UC-ABttxh8uQv_10qmwGaidw,SenatorSchumer,,
S000033,29442313,SenSanders,9124187907,senatorsanders,UCD_DaKNac0Ta-2PeHuoQ1uA,senatorsanders,,
S000030,108376246,LorettaSanchez,90966961167,LorettaSanchez,UCsPNjUsu5AvCJnVrdW_XjwA,LorettaSanchezLive,,
R000595,229966028,SenRubioPress,178910518800987,SenatorMarcoRubio,UCh8t7sV_DBKz4A-RkL9feyg,SenatorMarcoRubio,,
R000593,33655490,RepDennisRoss,469477579757018,dennis.ross.376,UCSjZ4oRWi_sO-aGM9CUBOJQ,RepDennisRoss,,
R000592,17544524,ToddRokita,183180288372896,RepToddRokita,UCl_wYwGYw1AXiUoqNmwLxzA,reptoddrokita,,RepToddRokita
R000591,224294785,RepMarthaRoby,174519582574426,Representative.Martha.Roby,UCeAWQdcSTlwv2vDGz0TQOxQ,reproby,,
R000589,221793778,RepScottRigell,167851429918010,RepScottRigell,UCNAzcysiI-NGAezezWQccRA,RepScottRigell,,
R000588,267854863,RepRichmond,197737020257085,RepRichmond,,,,
R000587,234053893,RepRibble,157169920997203,CongressmanReidRibble,UCE8Uht2wM9gdVsfniJLeMLw,RepRibble,,
R000586,236916916,RepJimRenacci,187639524595278,repjimrenacci,UCHTvP1X0dgUU1lrMub4hbLw,repjimrenacci,,
R000585,252819323,RepTomReed,102449199835273,RepTomReed,UC-HFEKIHC7ydVUkxkZOLqTg,CongressmanTomReed,,
R000583,23970171,TomRooney,117697790448,reptomrooney,UCHuDkMfCK3kmCpso7LyI3zA,CongressmanRooney,,
R000582,52503751,DrPhilRoe,130725126985966,DrPhilRoe,UC8muYurPSNO8x2Qqk40mVOA,drphilroe,,
R000580,20015903,PeterRoskam,118777661469195,RepRoskam,UCk8IZKV_RC1Wr-dh09kzVTw,RoskamIL06,,
R000578,16102244,DaveReichert,91504302598,repdavereichert,UC_Qs1fzY8WlHv6wJ1x7Hotg,repdavereichert,,
R000577,13491312,RepTimRyan,121560497865,timryan,UCjAFlYCheFKjGg_Pxc2VOFA,timryanvision,,
R000576,305620929,Call_Me_Dutch,184756771570504,184756771570504,UCk2S9iSHNpo1E1A7qZ0SPIw,ruppersberger,,
R000575,33977070,RepMikeRogersAL,171770326187035,171770326187035,UCH-WUWuY0_dlKwJDSqKTJsg,MikeRogersAL03,259435765,repmikerogersal
R000570,18916432,RepPaulRyan,7123827676,reppaulryan,UC8nMpZAuz-gitzb2icE15Qw,reppaulryan,,
R000515,305216911,RepBobbyRush,230753786936538,congressmanbobbyrush,UCbWqxBnS_w_uFTdQAL0YH5g,CongressmanRush,,
R000487,246769138,RepEdRoyce,6460640558,EdRoyce,UC9DUiRouRl6Rz6PEvQ4jRPw,RepEdRoyce,,
R000486,479872233,RepRoybalAllard,139773069370563,RepRoybalAllard,UC_T_RXWeJ-smmpjdNLOaMcg,RepRoybalAllard,,
R000435,14275291,RosLehtinen,286546974761109,iroslehtinen,UCf6XrWGZHjC7KgRd9JCAuBA,IleanaRosLehtinen,,
R000395,550401754,RepHalRogers,6722039085,CongressmanHalRogers,UChVFKLZkRoHQDhp4zNvEezQ,RepHalRogers,,
R000307,75364211,SenPatRoberts,205694792808927,SenPatRoberts,UCRpswvC8LgxzE9AYSFpqUgw,SenPatRoberts,,
R000146,16789970,SenatorReid,360249323990357,SenatorReid,UCxWLwXTG6_qs8K-68mCySRA,SenatorReid,,
R000122,486694111,SenJackReed,213866375370646,SenJackReed,UCT_aFVtsjxPwWKfO-PW_hPw,SenatorReed,,
R000053,21312077,CBRangel,7390589055,CBRangel,UCZwRwdLDW7ksC5tZV1_VUyQ,RepRangel,,
Q000023,56864092,RepMikeQuigley,158963645688,repmikequigley,UCDP13XegdoZ4bxYHxM34yAA,RepMikeQuigley,1403659583,repmikequigley
P000603,,,161355253917286,SenatorRandPaul,UCeM9I-20oWUs8daIIpsNHoQ,SenatorRandPaul,541357095,senatorrandpaul
P000602,244268646,RepMikePompeo,101965369880683,CongressmanPompeo,UCHxVnNpdjh6jqutY91ufgUw,congressmanpompeo,,
P000601,299883942,CongPalazzo,186908658003781,stevenpalazzo,UCtPOy2vRbN2nD8dQPSOTXeA,CongressmanPalazzo,,
P000599,25086658,CongBillPosey,100000080395369,bill.posey15,UCoUwUkDpe1ZYd6tiaZfiMuA,CongressmanPosey,,
P000598,15361570,JaredPolis,53481427529,jaredpolis,UCJJ1Ye0mOzqZh1_GErFUISw,JaredPolis31275,,
P000597,14984637,ChelliePingree,91529332807,ChelliePingree,UCLKaWFM7I84WcreDRhhhkVg,congresswomanpingree,,
P000596,34972633,PedroPierluisi,55139978107,pedropierluisi,UCl4cArGMdko-kRB_7Bay6iA,PierluisiCongress,,
P000595,236511574,SenGaryPeters,88851604323,SenatorGaryPeters,UC7LYNbnKSK2VZqQ98YROWHQ,RepGaryPeters,1640246681,sengarypeters
P000594,17513304,RepErikPaulsen,128558293848160,CongressmanErikPaulsen,UC1IOW4Wqox-6gmZbjjGvzLg,reperikpaulsen,,
P000593,20552026,RepPerlmutter,86174496459,RepPerlmutter,UCJXuMAzxngpEvDdvlE6wS5g,RepPerlmutter,,
P000592,74198348,JudgeTedPoe,106631626049851,106631626049851,UCGdNUkVP16hOyL-fUDV1Knw,CongressmanTedPoe,438265816,judgetedpoe
P000591,6577802,RepTomPrice,172032960420,reptomprice,UCFdG6NwEceyorspUdEduBUg,RepTomPrice,,
P000588,235271965,RepStevePearce,180280568662135,RepStevePearce,UCaT7jt_M86sDK50eaaVsFvQ,NMStevePearce,,
P000523,155669457,RepDavidEPrice,,,UCtX7bSXBLF9ge-Q955n5Vqw,RepDavidPrice,,
P000449,18915145,SenRobPortman,45243961073,senrobportman,UCwunkd8Zs-yAWKQwnwBp7ew,SenRobPortman,370356159,senrobportman
P000373,198526130,RepJoePitts,94156528752,94156528752,UCSFHCnw0q2uDf2gj8TfN3Vg,congressmanjoepitts,,
P000197,15764644,NancyPelosi,86574174383,NancyPelosi,UCxPeEcH0xaCK9nBK98EFhDg,nancypelosi,,
P000096,74508260,BillPascrell,303312929155,pascrell,UCIy1Ru8oA14aRjpq6L3i-EQ,RepPascrell,,
P000034,31801993,FrankPallone,6517277731,repfrankpallone,UCN0_wn9hs1LI3UKkji2PP2A,repfrankpallone,,
O000168,,,20718168936,20718168936,,,,
N000186,240376522,RepAlanNunnelee,144919278895639,CongressmanNunnelee,UCuyNflJZI6chuUKE-IKoK0A,congressmannunnelee,,
N000185,236479311,RepRichNugent,183541871674897,RepRichNugent,UClfwQJ4E_qLsALsI-O5rx3Q,RepRichNugent,,
N000184,235251868,RepKristiNoem,,,UCZPzuVONjRwo5TsrKzbYRVA,RepKristiNoem,,
N000182,34340464,RandyNeugebauer,64137294987,rep.randy.neugebauer,UCvuzExkN-z7cnMDPXZCpoLQ,RandyNeugebauer,,
N000181,344972339,Rep_DevinNunes,,,UCtbArL6CmOfFqgmpuRjLp3w,RepDevinNunes,,
N000179,161411080,GraceNapolitano,163108420409412,RepGraceNapolitano,UCPWjmiAIR04oQ8QMoOWcDtA,RepGraceNapolitano,,
N000147,23600262,EleanorNorton,61731840657,CongresswomanNorton,UChRrAXUGylfxJjbquC6aUjQ,EleanorHNorton,,
N000032,20597460,SenBillNelson,,,UC1Iir7_h98mI9-hHzrDJWpw,senbillnelson,,
N000015,442824717,RepRichardNeal,325642654132598,325642654132598,UCZVtTydu0-MSK6G12GaKA4g,RepRichardENeal,,
N000002,40302336,RepJerryNadler,78291598977,CongressmanNadler,UCQKj0qU1e7o2f5ftSh-c9aQ,congressmannadler,,
M001183,234374703,Sen_JoeManchin,10150135395755161,JoeManchinIII,UCGyPK_ye2ptpzQgOjKIn7ag,SenatorJoeManchin,,
M001182,240385577,RepMickMulvaney,188649667827713,MulvaneySC5,UC9G3WmNenRi-g1zlDMIj4vQ,RepMickMulvaney,,
M001181,248850174,RepMeehan,136000283132824,CongressmanPatrickMeehan,UCfOy3eW-KIg4aI3w_azyY6g,repmeehan,,
M001180,240427862,RepMcKinley,130377260362609,RepMcKinley,UCt7BWx4b8ubXa-PneAu103g,RepDavidMcKinley,,
M001179,240363117,RepTomMarino,144408762280226,144408762280226,UCL8AvZKY5KuPk0T7G0jv7HA,RepMarino,1395145806,reptommarino
M001177,50152441,RepMcClintock,81125319109,81125319109,UCMh04KC4LfIzKoXh2Xws_pw,McClintockCA04,,
M001176,29201047,SenJeffMerkley,74374931545,jeffmerkley,UCRoXttCJhMnLVCxCaa6VnNQ,SenatorJeffMerkley,501463589,senjeffmerkley
M001170,57065141,McCaskillOffice,131498087618,senatormccaskill,UCnarZ9jmNhI-eDcEPBwqMFw,SenatorMcCaskill,182810702,clairecmc
M001166,385429543,RepMcNerney,215241308510238,jerrymcnerney,UClUOx6F8GKshxGBUBLkisug,RepJerryMcNerney,,
M001165,19739126,GOPLeader,51052893175,CongressmanKevinMcCarthy,UCdJUZUFSLJRlUpE-91-6DsA,repkevinmccarthy,,RepKevinMcCarthy
M001163,38254095,DorisMatsui,,doris.matsui,UCSqqxVkvskHq3cY2MCbTZsw,RepDorisMatsui,,
M001160,22669526,RepGwenMoore,58864029545,GwenSMoore,UCCs9o1XaSsCsqNpO0iO0_Ew,RepGwenMoore,,
M001159,17976923,CathyMcMorris,321618789771,mcmorrisrodgers,UCRp0lwIxAhq2Ia9_YgRWUkg,mcmorrisrodgers,,
M001158,23976316,RepKenMarchant,6349487899,RepKennyMarchant,UCQpnTMp5TdTRWEes8cjIfyQ,RepKennyMarchant,,
M001157,,,6355254859,michaeltmccaul,UCRw6sGE0PH7_FCeTT3PQRaA,MichaelTMcCaul,,
M001156,27676828,PatrickMcHenry,8045519803,CongressmanMcHenry,UCY3PTRhkSH-eoltxPVZKD-w,CongressmanMcHenry,353406473,reppatrickmchenry
M001153,18061669,LisaMurkowski,25271170290,SenLisaMurkowski,UCaigku16AErqvD0wRuwGb9A,senatormurkowski,,
M001151,117777832,RepTimMurphy,105769762798552,reptimmurphy,UCmMrDji88FxLeqgin2ehA9A,TimMurphyPA18,,
M001150,15281676,CandiceMiller,210401648605,CongresswomanCandiceMiller,UCbILX1A8Hj3LiB_g8eZplGg,candicemi10,360018120,repcandicemiller
M001144,,,66367876671,RepJeffMiller,UCBigiVfkWLGze4x95dQLqoA,RepJeffMiller,,
M001143,516880804,BettyMcCollum04,153386471383393,repbettymccollum,,,,
M001137,22812754,GregoryMeeks,1557025818,gregorymeeksny05,UCljJnwgQS6Z6-NypDyqKJZQ,gwmeeks,,
M001111,293131808,PattyMurray,,,UCb8jq3TvQ3AzKsexhWfFLoA,SenatorPattyMurray,426137845,senpattymurray
M000934,18632666,JerryMoran,171578807105,jerrymoran,UC1oRxeUPam6-53wPBZ3N02A,senatorjerrymoran,298271065,senjerrymoran
M000702,132278386,SenatorBarb,142890125771427,SenatorMikulski,UCaR3dD8SdaLMM432QSM5wmw,senatormikulski,,
M000689,,,,JohnMica,UCz0LX75a5nOW-JzZ0OYQLgQ,RepJohnMica,,
M000639,18695134,SenatorMenendez,349744811357,senatormenendez,UC0PV0K9Z5a9p3D5917KF5fw,SenatorMenendezNJ,433044338,senatormenendez
M000404,132201224,RepJimMcDermott,246418928093,CongressmanJimMcDermott,UCaghNJXAOo8VgJMKANvN1dg,RepJimMcDermott,,
M000355,339822881,McConnellPress,,mitchmcconnell,,,,
M000312,242426145,RepMcGovern,148299805224565,RepJimMcGovern,UCpiUqp2ZF64tXqgR_EQo27g,repjimmcgovern,,
M000303,19394188,SenJohnMcCain,6425923706,johnmccain,UC9IJssXDUaKHzwx6gW4wEoA,SenatorJohnMcCain,44979810,senjohnmccain
M000133,3047090620,MarkeyMemo,6846731378,EdJMarkey,UCT1ujew5yQy2uMhGrjiKHoA,RepMarkey,,
M000087,258900199,RepMaloney,397176447066236,RepCarolynMaloney,,,,
L000577,88784440,SenMikeLee,178081365556898,senatormikelee,UCplVxs_j_sLAt0fkplXcl4A,senatormikelee,391361701,senmikelee
L000576,1444015610,USRepLong,139631049438354,Rep.Billy.Long,UCLQcbyxpHXXAsUJckscQY8g,MOdistrict7,,
L000575,225921757,SenatorLankford,130873066975024,SenatorLankford,UCz8T6sK5fEycyWmVz6Vpe5Q,SenatorLankford,1552251018,senatorlankford
L000573,246341769,Raul_Labrador,180970951936493,raul.r.labrador,UC1KKgNc0j8CoAGnWEJfhxJA,RepLabrador,,
L000571,22831059,CynthiaLummis,152754318103332,152754318103332,UCUHix8UBq4Ha3LnKPxTtlJw,CynthiaLummis,,
L000570,19318314,RepBenRayLujan,112962521120,RepBenRayLujan,UCcO5AmF8HuJo4d0awEbst7Q,Repbenraylujan,1409819789,repbenraylujan
L000569,1849261916,RepBlainePress,1358702716,BlaineLuetkemeyer,UCifiiQclKbBBrkSbCnN6REg,BLuetkemeyer,,
L000567,613725908,RepLanceNJ7,100830109970339,CongressmanLance,UCASO5iqjLfU4jo8xKKZIq8g,CongressmanLance,,
L000566,15394954,BobLatta,100000004848334,boblatta,UCVSBVHoWu-eWnBBQaMKZ_sQ,CongressmanBobLatta,26367713,boblatta
L000565,510516465,DaveLoebsack,291731316748,DaveLoebsack,UC0biZWEJAKHctxbmXfXJnOg,congressmanloebsack,,
L000564,584012853,RepDLamborn,45059452286,CongressmanDougLamborn,UCaYsGYMniq4nwBBMKFIwsow,CongressmanLamborn,,
L000563,1009269193,RepLipinski,103286879730089,repdanlipinski,UC4-dyxzIODTMk1-12QPEpoQ,lipinski03,,
L000562,310310133,RepStephenLynch,133720816696865,repstephenlynch,UCxL4zG0YWqC5XTO4af_FOgw,RepLynch,,
L000560,404132211,RepRickLarsen,135654683137079,RepRickLarsen,UCMv7LsJtiyO4AJcbRux5CxQ,congressmanlarsen,,
L000559,18909919,JimLangevin,6578978441,CongressmanJimLangevin,UCQ1sth-7umw1k-fSVqdfRTg,jimlangevin,,
L000557,50452197,RepJohnLarson,6352928631,RepJohnLarson,UCGPsvFF-9WfpdRSCcCrPLiQ,RepJohnLarson,,
L000554,241207373,RepLoBiondo,,FrankLoBiondo,UCXBUOE1MAEUMNIg67sivY9Q,USRepFrankLoBiondo,,
L000551,248735463,RepBarbaraLee,92190287786,RepBarbaraLee,UCnRgK2MXAQOUau0JXqseeNA,RepLee,1415801245,repbarbaralee
L000491,242772524,RepFrankLucas,7872057395,7872057395,UCdYZbKY8pkWAThqwC3fdVMg,RepFrankLucas,,
L000480,221792092,NitaLowey,158290607551599,RepLowey,UCkmeBYqhbomcWNNWzQCqcbg,nitalowey,,
L000397,267938462,RepZoeLofgren,221191600719,zoelofgren,UCOaQ79adORFcaTuJZoIFuZQ,RepZoeLofgren,,
L000287,29450962,RepJohnLewis,82737208404,RepJohnLewis,UC_jpkZzdyGhTBGBZ3UTNwjA,repjohnlewis,,RepJohnLewis
L000263,25781141,RepSandyLevin,223726364320243,RepSandyLevin,UCkVlSO4vhgPTgWYzY29Z7Gg,mi12yes,,
L000174,242836537,SenatorLeahy,178569152181267,SenatorPatrickLeahy,UC46QHVobf7FO-tWehsRoDog,SenatorPatrickLeahy,,
K000378,219429281,RepKinzinger,187811174579106,RepKinzinger,UCjDHxyjndxxhjuPWyEBc7UA,RepAdamKinzinger,,
K000376,935368364,MikeKellyPA,191056827594903,191056827594903,UCoz6u3ooQxoijsWvhoQ0D-A,repmikekelly,,
K000375,232992031,USRepKeating,183092598372008,Congressman.Keating,UC7KPV4xdxO2dms9vl6tETmg,RepBillKeating,,
K000363,76350004,RepJohnKline,770135879667732,repjohnkline,UCq-OxgMJUAZEGBT8q2JT9NQ,repjohnkline,,
K000362,48117116,SteveKingIA,134325379926458,stevekingia,UCvdJ--cxsVyght3ZDise0mw,stevekingia,,
K000360,211588974,SenatorKirk,116381528428230,SenatorKirk,UCJ-pgDYehtW_7VdKtNuv7EA,SenatorKirk,413493239,senatorkirk
K000210,18277655,RepPeteKing,,,UCbyQC19DsAq01oDBfZn_diw,RepPeterKing,,
K000188,112740986,RepRonKind,89152017954,repronkind,UC0_BilariURHwSHf9baGykg,RepRonKind,,
K000009,581141508,RepMarcyKaptur,173753129419169,RepresentativeMarcyKaptur,UCIJUNf22o09nO02oQPLKQ6w,USRepMarcyKaptur,,
J000293,233737858,SenRonJohnson,186181661410703,senronjohnson,UCG9XyTVtOAs7VX_q_QVHoaw,SenatorRonJohnson,,
J000292,211530910,RepBillJohnson,170477096312258,RepBillJohnson,UCtF08Ay71haDRoJosRN2P_Q,RepBillJohnson,763495818,repbilljohnson
J000290,19658173,RepLynnJenkins,6974973662,replynnjenkins,UCBW06VosGJtZ_wCyGKET5KQ,RepLynnJenkins,,
J000289,18166778,Jim_Jordan,35499336459,repjimjordan,UCPFBhS00ivPV585GlnNlyqA,RepJimJordan,,
J000288,24745957,RepHankJohnson,115356957005,115356957005,UCqMici9I7nz_i-PN7eSYjwQ,RepHankJohnson,,
J000255,26778110,RepWalterJones,15083070102,15083070102,UCZdvBD1F5FXAQyJFD2aTiWA,RepWalterJones,,
J000174,249288197,SamsPressShop,52454091867,RepSamJohnson,UCmzL7gzMX6-bgS9HNt8a8TA,RepSamJohnson,,
J000126,168502762,RepEBJ,84096022067,CongresswomanEBJtx30,UCVKp8BtjW708H4eXJJQgUYw,RepEddieBJohnson,,
J000032,80612021,JacksonLeeTX18,169479190984,169479190984,UCi_S-mOZaEco2Zb9guf_8Iw,TX18SJL,,
I000057,20002401,RepSteveIsrael,,RepSteveIsrael,UCmhEExgsUcylb_QjqEYfsHg,repsteveisrael,,
I000056,22509548,DarrellIssa,19463427992,darrellissa,UCIGKQn89GEpNJ6fDhXGauyw,repdarrellissa,,
I000024,20546536,InhofePress,55018309421,jiminhofe,UCk3W3ilX8vGG-300qzNpG7w,jiminhofepressoffice,,
H001063,339852137,Rep_JaniceHahn,256471267712118,RepJaniceHahn,UC884guRd5AyTQ9y_GuZ7s9Q,RepJaniceHahn,,
H001061,382791093,SenJohnHoeven,194483057244478,SenatorJohnHoeven,UC1kQIC2Q_Fq9_NRqdb6eHiw,senatorjohnhoevennd,1237544252,senjohnhoeven
H001060,234837632,RepRobertHurt,120068161395562,RepRobertHurt,UCPk3cMrcjfgR9LgQkEuCo7Q,RepRobertHurt,,
H001059,237814920,RepHultgren,186221644739359,RepHultgren,UCJ6Gvza8hdNmUfoaJEN8dbg,rephultgren,,
H001058,233949261,RepHuizenga,145764842143763,RepHuizenga,UCQPlLLiMnysMmeJ5qUSSjQg,RepHuizenga,,
H001057,233761277,CongHuelskamp,,congressmanhuelskamp,UCMMv3kTB9MRVHg8BfgKx6KQ,congressmanhuelskamp,,
H001056,242926427,HerreraBeutler,177551525610164,herrerabeutler,UCJEgiA9clfx0amrQUj0aBTQ,RepHerreraBeutler,,
H001055,222286905,RepJoeHeck,155211751194624,RepJoeHeck,UC0VvLD0dio-Z8OH_bniqsJA,repjoeheck,,
H001053,237763317,RepHartzler,183580061667324,Congresswoman.Hartzler,UCAvttUz6qBVEJiFt7p_MZxw,repvickyhartzler,787899303,rephartzler
H001051,236899846,RepRichardHanna,172284859480630,reprichardhanna,UCgfFot8WPIupNxdo8psDbdQ,reprichardhanna,,
H001048,1305596696,Rep_Hunter,79072979038,DuncanHunter,UCV9GfB1e4RILcqb_zXYCDSA,CongressmanHunter,,
H001047,31611298,JAHimes,85767418619,CongressmanJimHimes,UCCeB6czh6nhCHxOMCk_V4yA,congressmanhimes,,
H001046,1099199839,MartinHeinrich,137523189213,MartinHeinrich,UCBxh8IK5sMxY0Ln_0G2NYcg,SenMartinHeinrich,285288987,senatormartinheinrich
H001045,23712174,GreggHarper,48248435938,GreggHarper,UC9UIowW9bhstVTiMX8znppQ,congressmanharper,,
H001042,92186819,MazieHirono,,senatorhirono,UCcoKhxad156flzPYJ8JMFOA,CongresswomanHirono,304094084,maziehirono
H001041,266133081,SenDeanHeller,325751330177,SenDeanHeller,UCTS6f940sIirkO6ICyx4ksw,SenDeanHeller,,
H001038,33576489,RepBrianHiggins,88144056440,RepBrianHiggins,UCSGbv85HaaYYOrPGePtxwag,CongressmanHiggins,,
H001036,18566912,RepHensarling,7875604788,RepHensarling,UCjZWXpz6wypzbL8nK0JNEvg,repjebhensarling,,
H001034,16583468,RepMikeHonda,15675385380,RepMikeHonda,UC_WqGAzksPJbvjkhlK08xcw,RepMikeHonda,1243895733,repmikehonda
H000874,22012091,WhipHoyer,282861997886,WhipHoyer,UCvxgqX65cdhHNjJn64cgY9g,LeaderHoyer,51616645,repstenyhoyer
H000636,239905257,USRepRHinojosa,402891225161,CongressmanRubenHinojosa,UCUsbGRi-OlpTxoucZiQ2xCg,RepRubenHinojosa,,
H000338,262756641,SenOrrinHatch,,senatororrinhatch,UCQUPyPV_SR435OsPiFNIWPQ,SenatorOrrinHatch,,
H000324,2433737761,RepHastingsFL,95696782238,95696782238,UCaXXiR3YjMuPIlIGRGNnm8A,RepAlceeHastings,,
G000568,234057152,RepMGriffith,141893975868919,RepMorganGriffith,UCzxqD7EY_Rdvbc0spbaYkJA,RepMorganGriffith,,
G000566,237348797,TGowdySC,143059759084016,143059759084016,UCVvxvugtuNZSygB4z4aVfsg,TGowdySC,,
G000565,240760644,RepGosar,104329699641957,repgosar,UC5orqw_9acsKWSRbrqTDXBw,repgosar,,
G000564,234937222,RepChrisGibson,190238567659779,RepChrisGibson,UCby83MnVnhenAV8F7vZkf-w,repchrisgibson,,
G000563,234822928,RepBobGibbs,191159267565100,RepBobGibbs,UC4J-kVbeE32Up-b_wTLEUmA,RepBobGibbs,,
G000562,235217558,SenCoryGardner,160924893954206,SenCoryGardner,UC7Vi5vAFb7piu_BNwrYDBxQ,,1643152643,sencorygardner
G000560,190328374,RepTomGraves,104548906262119,reptomgraves,UCBxeA4MWCmfUox57bUTEH0g,CongressmanGraves,241591770,reptomgraves
G000559,88806753,RepGaramendi,182567716746,repgaramendi,UCRym1qsO72C39gX6pBu4icg,garamendiCA10,,
G000553,156333623,RepAlGreen,136237609724391,repalgreen,UCFtgMZm1YUXaZ8OtOj-GDjA,RepAlGreen,,
G000552,22055226,RepLouieGohmert,50375006903,50375006903,UC0HMa6X3iMhMq96kkRLLTog,GohmertTX01,,
G000551,28602948,RepraulGrijalva,73539896233,Rep.Grijalva,UC8JZLnXS21bhNbcvpoM8O7g,raulgrijalvaaz07,,
G000548,960696949,RepGarrett,6756553401,repscottgarrett,UC5DG4Otnhpd3ZnUiEairZTg,repscottgarrett,367865919,repscottgarrett
G000535,322013313,LuisGutierrez,91052833204,RepGutierrez,UCLooufcInrRP1FQn_WY9yDA,repluisgutierrez,,
G000410,111635527,RepGeneGreen,128735131872,RepGeneGreen,UCc6B7e8ontd_yKsPt_6w2oA,RepGeneGreen,,
G000386,10615232,ChuckGrassley,106480645796,grassley,UCiCPRkcLMInpDeOqGkMTt4w,senchuckgrassley,,
G000377,161743731,RepKayGranger,49640749719,RepKayGranger,UCsRMtemAkyLh78MPES6gMVQ,RepKayGranger,,
G000359,14845376,GrahamBlog,257937783228,USSenatorLindseyGraham,UClLGZMA5Ei2Z8fR1PLEx6yQ,USSenLindseyGraham,,
G000289,37920978,RepGoodlatte,6459789414,BobGoodlatte,UCvjZ1XhXidxiyfm2ICEbNKg,RepBobGoodlatte,,
F000461,237312687,RepBillFlores,146176682102245,RepBillFlores,UCA7MgQ_ccBlCqoxV56B6nmA,RepBillFlores,,
F000460,17896154,Farenthold,186894244673001,BlakeFarenthold,UC-xQNCjaivVnqozyXtjcqww,BlakeFarenthold,,Farenthold
F000459,235190657,RepChuck,189998554345168,repchuck,UCTtRrJkM-R-f2K0byCMvHgw,repchuck,,
F000458,249219716,RepFincherTN08,128861763849209,RepFincherTN08,UCDOY7qdLPB7nQuQSWrQPalw,CongressmanFincher,,RepFincherTN08
F000456,84620376,RepFleming,372154186772,repjohnfleming,UCLr9rukyGH_m3fNkpYc4djg,larep04,,
F000455,153486399,RepMarciaFudge,279006440801,RepMarciaLFudge,UClmYIIhIcL-WwtBAy1Dhokg,marcialfudge,1395168201,repmarciafudge
F000451,237944147,RepFitzpatrick,132077153521454,RepFitzpatrick,UCyhzr8XFw5gpQfDx63YI8_Q,RepFitzpatrickPA8,,
F000450,16256269,VirginiaFoxx,,RepVirginiaFoxx,UCggineJcxJn80TRXxdQbx6w,repvirginiafoxx,,
F000449,18805303,JeffFortenberry,48426842354,jefffortenberry,UCbWUvw3gQhbFyJzt1Nh6cAA,JeffFortenberry,,
F000448,24773493,RepTrentFranks,209486545087,TrentFranks,,,,
F000445,15160884,Randy_Forbes,356330225020,randyforbes,UCf1z2I7fvtDFTTiV1962Olw,RepRandyForbes,,
F000444,16056306,JeffFlake,,senatorjeffflake,UCPSnRxko_G21KzwgXmOZaeQ,flakeoffice,,
F000062,476256944,SenFeinstein,334887279867783,senatorfeinstein,UCtVC--6LR0ff2aOP8THpuEw,SenatorFeinstein,,
F000043,48086014,ChakaFattah,165961823475034,repfattah,UCkTfk-NcVzE1hk-svI6mclw,ChakaFattah,1560430361,chakafattah
F000030,158398519,RepSamFarr,7018136294,RepSamFarr,UCoSsBwU28xzKM8lKeeHXEzQ,CongressmanSamFarr,,RepSamFarr
E000291,213634439,RepReneeEllmers,167641493275000,reneeellmers,UCHlEm6WDK8UWn5STL_fZm_g,repreneeellmers,,
E000290,82649553,RepDonnaEdwards,107297211756,107297211756,UCIz4aCNtg77Cg9U8v0JRCBA,RepDonnaFEdwards,,
E000288,14135426,KeithEllison,7997462059,Keith.Ellison,UCR_QMi3wGy7xPUZxaIRi9QA,RepKeithEllison,,
E000285,291756142,SenatorEnzi,23068049436,mikeenzi,UCipEXEDAKVPj_B0cQjaikEA,senatorenzi,,
E000215,249348006,RepAnnaEshoo,174979964227,RepAnnaEshoo,UCjRvhco2d59GBgA78IIIaYQ,RepAnnaEshoo,,RepAnnaEshoo
E000179,164007407,RepEliotEngel,103355984852,RepEliotLEngel,UCZ-ctBF-a6CYPJWDoBV_JyA,engel2161,,
D000616,235312723,DesJarlaisTN04,,ScottDesJarlaisTN04,UCvjuSLoi3hS0ECQvJLhwOkA,ScottDesJarlaisTN04,260930821,desjarlaistn04
D000615,240393970,RepJeffDuncan,187268144624279,RepJeffDuncan,UC1tuXL6ymImdpKYGEAH83QA,congjeffduncan,382897929,repjeffduncan
D000614,234022257,RepSeanDuffy,119657691436457,RepSeanDuffy,UChq-eV2HnV7Kr2zmj0yua7g,RepSeanDuffy,367550700,repseanduffy
D000612,248699486,RepJeffDenham,133714040028137,RepJeffDenham,UCm59PEM_tgTvhm5-wIfnrRg,repjeffdenham,380008060,repjeffdenham
D000610,137794015,RepTedDeutch,112179098816942,CongressmanTedDeutch,UC1JlTLRUDkzhM2htvI9QJTA,congressmanteddeutch,,
D000607,216503958,SenDonnelly,168059529893610,senatordonnelly,UC7H5Lz0BUaTRlWXk9QsIwsg,sendonnelly,280911627,sendonnelly
D000604,,,69862092533,CongressmanDent,UCoC_r0R2M_74UVrH4A44awQ,CongressmanDent,,
D000600,37094727,MarioDB,119538428117878,mdiazbalart,UCpEEd0Plxx5D78pI4a4mFTQ,MarioDiazBalart,316477657,repmariodb
D000563,247334603,SenatorDurbin,180436795325335,SenatorDurbin,UCkbixlNCxcKAffEhe3X5-lw,SenatorDurbin,,
D000533,1883356866,RepJohnDuncanJr,102385999834718,CongressmanDuncan,UCCpcKqQfp9gVkeD1t7uYLKQ,RepJohnDuncan,,
D000482,39249305,USRepMikeDoyle,79663724861,usrepmikedoyle,UCni9vINmgerEeVXhKCC9qbA,CongressmanDoyle,,
D000399,153944899,RepLloydDoggett,154050553704,lloyddoggett,UCN-kiLKyHPcfRVZ28sAHS_g,doggett,,
D000216,140519774,RosaDeLauro,181302611907634,CongresswomanRosaDeLauro,UC9ROfGBm7kSLCEDYwFF6McQ,rosadelauro,,
D000197,28599820,RepDianaDeGette,110757973488,DianaDeGette,UCWFQCRTHwsHg9P1Hf-EQtew,RepDianaDeGette,,
D000191,252249233,RepPeterDeFazio,94324364811,RepPeterDeFazio,UCIF3HunhsVgTv7L2grnq2Rg,PeterDeFazio,,
C001088,435500714,SenCoonsOffice,254950754518205,senatorchriscoons,UC2lOVbsddn1HIkcDnmCw6tA,senatorchriscoons,25194715,senatorchriscoons
C001087,233693291,RepRickCrawford,143344975723788,RepRickCrawford,UCLKAkVl4BHRK73lmDiIgPYg,RepRickCrawford,389864684,reprickcrawford
C001084,462143773,RepCicilline,186949061341027,CongressmanDavidCicilline,UC3sCl46o8hYP69LnidNltuw,RepDavidCicilline,,
C001080,193732179,RepJudyChu,41228315130,RepJudyChu,UCfcbYOvdEXZNelM8T05nK-w,RepJudyChu,,
C001078,78445977,GerryConnolly,177164035838,CongressmanGerryConnolly,UC4WG9PlmoOeSLIuyVjs-RSA,repconnolly,,
C001077,19407835,RepMikeCoffman,366142384492,repmikecoffman,UCBCe9Os3VRutyBw3aLhYq5g,CongressmanCoffman,,
C001076,17800215,JasonInTheHouse,390419731073316,CongressmanJasonChaffetz,UCPRdJWDBUYfZaMYaPQfoNnQ,JasonChaffetz,217804604,jasoninthehouse
C001072,199325935,RepAndreCarson,123884330964019,CongressmanAndreCarson,UCprUnnEgM2VUGmAKSaZXCSw,repandrecarson,,
C001071,73303753,SenBobCorker,109251415789533,bobcorker,UCm7if_szz7DxfcdYGrywHSA,senatorcorker,390025816,senbobcorker
C001070,171598736,SenBobCasey,107749545944874,SenatorBobCasey,UCtVssXhx-KuZa-hSvnsnJ0A,SenatorBobCasey,,
C001069,85396297,RepJoeCourtney,330408799230,joecourtney,UCGVIfe1T2hO1Lx7ap5Wkv1w,repcourtney,,
C001068,162069635,RepCohen,111456965545421,CongressmanSteveCohen,UC_NJlnsOBjOameUwZk0rvsA,repcohen,,
C001067,240812994,YvetteClarke,135031389892682,repyvettedclarke,UC8SuQiuL2P9fUHAxuRoTdUQ,repyvetteclarke,,
C001063,210926192,RepCuellar,152569121550,152569121550,UCVgEOdJx3tyILO9EjZ-heEQ,henrycuellar,,
C001062,295685416,ConawayTX11,203482063021985,mike.conaway,UCR3dhwhVfxmmqv6ct2Xa1-g,mikeconaway11,,
C001061,163570705,RepCleaver,7954512692,emanuelcleaverii,UCVC-7CLFjXczoihr5FxDLsw,repcleaver,,
C001059,245451804,RepJimCosta,,RepJimCosta,UCVgXX23eJEai6GiBOKO6dvA,RepJimCostaCA20,,
C001056,13218102,JohnCornyn,75755694423,sen.johncornyn,UCyQwLQavlOaJ64YuY_VMtiQ,senjohncornyn,,
C001053,23124635,TomColeOK04,146497782066300,TomColeOK04,UCvqzPm_YnNkfEHpm3SEMJMQ,reptomcole,,TomColeOK04
C001051,18030431,JudgeCarter,1287257083,judgecarter,UC9pkaOrhPfouzkJ8oAdI-1w,repjohncarter,456560563,repcarter
C001049,,,109135405838588,109135405838588,UCB3yVQzlxhx3brOwaWtiXoQ,WilliamLacyClay,,
C001048,24183358,CongCulberson,1751723339,CongressmanCulberson,UCv9NX2RA2jQQniHohgqy_KQ,johnculbersontx07,,
C001047,193794406,SenCapito,8057864757,senshelley,UCbiXdR4XQ3vD9Xp5lfR9QXw,UCbiXdR4XQ3vD9Xp5lfR9QXw,1640447624,sencapito
C001045,20209807,AnderCrenshaw,200388204657,200388204657,UCr3i3We3fsHJdUufmqDL7_w,RepAnderCrenshaw,,
C001038,111635980,RepJoeCrowley,176197712425090,repjoecrowley,UCni23wivejzkS9G1L_XEBQw,RepJoeCrowley,,
C001037,,,151168844937573,RepMichaelCapuano,UCvzAdbimlJksgZjEMQn0kuw,RepMikeCapuano,,
C001036,292990703,RepLoisCapps,168989481141,loiscapps,UClsN2ngC28cgeqAY7mW1qKQ,reploiscapps,,
C001035,19726613,SenatorCollins,7593313361,susancollins,UC6GYaBx5kT2r4PN8KENxC-w,SenatorSusanCollins,,
C000984,787373558,RepCummings,291368465380,elijahcummings,UCMasH4jR80RdkqyuF0neFZg,ElijahECummings,,
C000880,600463589,MikeCrapo,80335332266,mikecrapo,UCMHzKHg1BE7dEcFjnayw1lA,senatorcrapo,329357214,mikecrapo
C000754,22523087,RepJimCooper,,JimCooper,UCjplyIIQbNZcl013AyDfPNg,RepJimCooper,1037212884,repjimcooper
C000714,138770045,RepJohnConyers,206947066849,CongressmanConyers,UCzlwBp7_m0t3f2UiFubvWgg,JCMI14,,
C000542,212262370,SenDanCoats,180671148633644,180671148633644,UCipTNiqJBYHutxpMxo0UOYw,SenatorCoats,,
C000537,188019606,Clyburn,127744320598870,jameseclyburn,UCIyU_UA_JEa14gvAwhquKqg,repjamesclyburn,,
C000266,237750442,RepSteveChabot,204705339555378,RepSteveChabot,UCJpzm2DZDE1B6ruQLQc7q4g,congressmanchabot,481906395,repstevechabot
C000174,249787913,SenatorCarper,124891107521733,tomcarper,UCgLnvbKwu4B3navofj6Qvvw,senatorcarper,,
C000141,109071031,SenatorCardin,120421834675191,senatorbencardin,UCiQaJnMzlfzzG3VESgyZChA,senatorcardin,,
C000127,117501995,SenatorCantwell,,,UCN52UDqKgvHRk39ncySrIMw,SenatorCantwell,,
C000059,22545491,KenCalvert,70063393423,70063393423,UC5MEj7YOX_QdKoqD_HRxP3A,RepKenCalvert,,
B001277,278124059,SenBlumenthal,289987304364966,SenBlumenthal,UCHH-fn3_LVt0Q4od56rOi5g,SenatorBlumenthal,,
B001275,234812598,RepLarryBucshon,135670516492974,RepLarryBucshon,UC0bIliQs0LKZabNwvZ3gnhQ,RepLarryBucshon,,
B001274,237299871,RepMoBrooks,155220881193244,155220881193244,UCgsPSY0MpuQJq8vEqYUSt-g,RepMoBrooks,,
B001273,110545675,RepDianeBlack,186436274719648,DianeBlackTN06,UCREZGYWeFh6-gfodmoWVUFg,RepDianeBlack,371192551,repdianeblack
B001271,242761889,CongressmanDan,124163654317596,CongressmanDan,,,,
B001270,239949176,RepKarenBass,190867440939405,RepKarenBass,UCQZg7oxkV3Yag2emYPLhT2g,RepKarenBass,,
B001269,239871673,RepLouBarletta,192357174108435,CongressmanLouBarletta,UChViw1Iv0nY1b3Qq9Q0vDBQ,reploubarletta,,
B001267,224285242,SenBennetCo,97172997732,senatorbennet,UCXB3cljpMwTyCUyLr2ZVLow,SenatorBennet,,
B001261,202206694,SenJohnBarrasso,21146775942,johnbarrasso,UC80PfiCAB2Fe1MFayWlR6GQ,barrassowyo,,
B001260,20467163,VernBuchanan,67106719910,CongressmanBuchanan,UCY4DEy41NxOTdcF8_XAVZvw,vernbuchanan,344865327,repvern
B001257,26051676,RepGusBilirakis,135445766485586,GusBilirakis,UC2z1uu1n4-60xXs5x1mvLJw,RepGusBilirakis,,
B001255,249339682,RepBoustany,197407646951718,RepBoustany,UC2S34gtxbiXDloza9EgFAZA,boustanyla07,,
B001251,432676344,GKButterfield,274687979233940,congressmangkbutterfield,UCbodCVgLfcbaep49L1M-mqA,GKBNC01,,
B001250,148006729,RepRobBishop,,RepRobBishop,UCJC2BXNGQEUom7Tp7FKfxlQ,CongressmanBishop,,
B001248,15751083,MichaelCBurgess,6916472567,michaelcburgess,UCvvO8lo-Nkc31cEEElqQvQw,michaelcburgessmd,,
B001243,278145569,MarshaBlackburn,6470828395,marshablackburn,UCvNnmu5mUm7xr8QXBlbtQ9w,RepMarshaBlackburn,,
B001236,5558312,JohnBoozman,7686715735,JohnBoozman,UC9vWHKL5OfIYh6kIV0rF2yw,BoozmanPressOffice,,
B001227,148453195,RepBrady,118845109487,RepRobertBrady,UCHbTbPH6iCtaA_AKPwDy04A,BradyPA01,1405678385,repbrady
B001135,21157904,SenatorBurr,132653626787856,SenatorRichardBurr,UCOLLZpp-1womBSFDV2uLfag,SenatorRichardBurr,,
B000944,43910797,SenSherrodBrown,,,UCgy8jfERh-t_ixkKKoCmglQ,SherrodBrownOhio,,
B000755,19926675,RepKevinBrady,9307301412,kevinbrady,UC6Ng0uMQEBVgXO_HF0NbfXA,KBrady8,337613850,repkevinbrady
B000711,15442036,SenatorBoxer,116513005087055,senatorboxer,UCWDQBlCBh67UgfNvSXDvbmw,SenatorBoxer,554053812,senatorboxer
B000589,7713202,SpeakerBoehner,175082565865743,SpeakerJohnBoehner,UC-cxqz-2fBOekclLlaERLJQ,johnboehner,249235106,speakerboehner
B000575,21269970,RoyBlunt,142473042477322,SenatorBlunt,UCFeLRzjhThTmaWzuh5qjpGA,SenatorBlunt,21185436,royblunt
B000574,137823987,BlumenauerMedia,,,UCuziVoKuGn7feNA5VrpxsBQ,RepBlumenauer,,
B000490,249410485,SanfordBishop,366739521606,sanfordbishop,UCxF9veLBrkr_CqVq5eFYVGg,RepSanfordBishop,,
B000287,133832049,RepBecerra,90311772229,XavierBecerra,UCoY0rJzkgkl1TmoKTUKTI6w,XavierBecerra,1216529275,repbecerra
B000213,19929362,RepJoeBarton,15617630596,RepJoeBarton,UC9zg5RmxfNdBfz4iZuzvWXg,repjoebarton,,
A000368,,,123436097729198,kellyayottenh,UCe_jD6bQuBwAo4CxwUm_ztw,SenatorAyotte,,
A000367,,,173604349345646,repjustinamash,UCeg6HhoCXrS8xpON9dxtZgA,repjustinamash,,
A000360,76649729,SenAlexander,89927603836,senatorlamaralexander,UChDLBjn5RWqgMmCSswT05IQ,lamaralexander,1156775647,senlamaralexander
A000055,76452765,Robert_Aderholt,19787529402,RobertAderholt,UC71CAgpg1gbLTew_pfTneGA,RobertAderholt,,
B000911,292935209,RepCorrineBrown,179120958813519,congresswomanbrown,UC6-GswVFgN05YYkPGVx2KEQ,CongresswomanBrown,,
C001083,237770636,JohnCarneyde,156024857781159,JohnCarneyDE,UCT9yU36lD-zOTJKhmX_w_dA,RepJohnCarney,623634991,johncarneyde
B001245,,,161729837225622,madeleine.bordallo,,,,
D000617,995193054,RepDelBene,483962224987343,RepDelBene,UCd00b7TpKDZIr-Ujhaktvjg,,,
B001278,558769636,RepBonamici,252633384817156,congresswomanbonamici,UC0IkAeEiwgzSRTD1TDSvuBw,RepSuzanneBonamici,,
C000567,555474658,SenThadCochran,,,UCTnKP_ye7nI5DEn_zreaa3g,sencochran,,
K000383,1068481578,SenAngusKing,142803045874943,SenatorAngusSKingJr,UCpp6lGvrmt0XU_lnD4Ak0gA,SenatorAngusKing,,
A000369,402719755,MarkAmodeiNV2,307227745970624,MarkAmodeiNV2,UCjOGx2iqSn1r3BQxaVgYhYw,markamodeinv2,,MarkAmodeiNV2
L000580,1061385474,RepLujanGrisham,191640657646128,RepLujanGrisham,UCS_N-wEnUBEbVYCD-CXpNjw,RepLujanGrisham,379143191,replujangrisham
D000621,1058807868,RepDeSantis,464253846966014,RepDeSantis,UCRM1qBatq45tZxRqYeUa02g,RepRonDeSantis,,
D000620,937723303,RepJohnDelaney,324527257655694,congressmanjohndelaney,UC-Sz2M53ZYi_8MvapFKZJiw,repjohndelaney,,
S001193,942156122,RepSwalwell,450130878375355,CongressmanEricSwalwell,UCKvwsFNGD4sDkE_9g-2ft0w,ericswalwell,338799200,repswalwell
M001190,1060370282,RepMullin,453637624684399,CongressmanMarkwayneMullin,,,,
K000379,1055907624,RepJoeKennedy,301936109927957,301936109927957,UCgfHlaGqxD8p-2V_YlNIqrA,,1328567154,repkennedy
B001284,1074101017,SusanWBrooks,517697358277175,congresswomansusanwbrooks,UCMd7LzaBcbQ06aKHoj9KkSQ,SusanWBrooks,365798183,susanwbrooks
W000813,1065995022,RepWalorski,466876036704525,RepJackieWalorski,UC8fsSDjVJ_VnCF3ccx3Lkng,repwalorski,,
R000597,1058345042,RepTomRice,403403083083104,reptomrice,UCEmPVQphMGoXAfWJli68BEw,RepTomRice,,
M001188,1051127714,RepGraceMeng,195734010571362,repgracemeng,UCHg516zJKbIBtXFAJ0nu3XQ,,,
M001189,1045853744,RepLukeMesser,367444640018564,RepLukeMesser,UC9NKMvZuY2koTf1iVurxicw,RepLukeMesser,,
M001185,1072467470,RepSeanMaloney,551199354892891,RepSeanMaloney,UCNiVzzf4Vz-vCMPBcnjGuXQ,,,
H001064,1068499286,RepDennyHeck,547907568553615,CongressmanDennyHeck,UCU89cl5_yhHzo-oTHiEyaRg,RepDennyHeck,,
H001065,1058460818,RepHolding,384164668340890,CongressmanGeorgeHolding,UCx6IgBfJmIhXSXymnPr78hw,repholding,,
N000127,1055685948,USRepRickNolan,388085277945339,UsRepRickNolan,UCmGkPQXVR8GzVAPXN54AoXg,USRepRickNolan,,
T000472,1037321378,RepMarkTakano,262447300551014,RepMarkTakano,UCJg4F1irmSFeKoXZBaZbX2w,RepMarkTakano,,
J000294,467823431,RepJeffries,118349138343701,RepHakeemJeffries,UCYVmbsjoNbQ4j-PCQIYgpWQ,,,
J000295,976969338,RepDaveJoyce,404318572981934,RepDaveJoyce,UCTu9xz2VYk-jtQv0TVsLyYA,repdavejoyce,360743678,repdavejoyce
L000579,1055730738,RepLowenthal,392631677490897,RepLowenthal,UC-GgROtn5Hxm1H9a6qvy_Wg,RepLowenthal,,
C001093,1060487274,RepDougCollins,505646972800006,RepresentativeDougCollins,UCgKTZXOJX2UwAdLNZ4MQdig,repdougcollins,,
W000814,1058051748,TXRandy14,128891177274584,TXRandy14,UCJSZRrAcd5i1bHLjR66PZdg,TXRandy14,,
K000381,1058917562,RepDerekKilmer,450819048314124,derek.kilmer,,,,
G000571,1064206014,TulsiPress,392284484191405,RepTulsiGabbard,UCkQmC0YfIU4388Tu0_k4esA,tulsipress,,
D000618,11651202,SteveDaines,185361254941832,SteveDainesMT,UC-ny-W5mEUGytiyMdXbQ20Q,SteveDainesMT,371125857,stevedaines
Y000065,1071900114,RepTedYoho,563532937006022,CongressmanTedYoho,UCGmDQgEgP2Z0NjavmnS9Hwg,RepTedYoho,,
E000293,1060984272,RepEsty,292076514228382,RepEsty,UCJoc9OfUHVbx0Z7V055sbCA,RepEsty,,
K000382,1058717720,RepAnnieKuster,115543081952049,CongresswomanAnnieKuster,UCYAD_Eti2b5gXSicbgPsBYA,RepKuster,,
K000380,1045110018,RepDanKildee,484166588292670,RepDanKildee,UC_KpQ-n3IT5dL5ul21XA9Yw,RepDanKildee,582887115,repdankildee
C001090,776664410,RepCartwright,248507065275406,CongressmanMattCartwright,UCnAOvexSGLBnYidaFzguhTQ,,,
C001095,968650362,SenTomCotton,120355701459307,SenatorTomCotton,UCXEk6mokWBajIpNatbjnwSg,RepTomCotton,,
B001286,1092979962,RepCheri,581909665168588,RepCheri,UCrkOYuIsVeb4dvKeeO7jnaA,RepCheri,,
B001287,950783972,RepBera,528662157146886,RepAmiBera,UClJCTCo53Zk6b4kUL-bbdzg,repamibera,,
F000454,1080509366,RepBillFoster,102918290599,CongressmanBillFoster,UCicixINQr_-3cFHI2bJzFpQ,RepBillFoster,,
P000606,950328072,RepPittenger,376142742468386,congressmanpittenger,UCPr1MiyBx6K6wH3zgMWFtMQ,CongressmanPittenger,,
M001187,963480595,RepMarkMeadows,409882952423501,Repmarkmeadows,UCu1unBO6gQdCz3qok5LPFGQ,RepMarkMeadows,,
F000462,1077121945,RepLoisFrankel,138220153003017,RepLoisFrankel,UCEk5viAhxaW_2OK20-yBwzQ,reploisfrankel,,
H001067,935033864,RepRichHudson,212153802255530,RepRichHudson,UC9Q1qCvnQR7rHERjTjJl5Pg,RepRichHudson,,
V000131,1074129612,RepVeasey,394849110600016,CongressmanMarcVeasey,UC2CRp1KF5uljZyhDRPR-72Q,marcveasey,676925345,repveasey
V000132,1083448909,RepFilemonVela,510462622331477,USCongressmanFilemonVela,,,,
P000605,18773159,RepScottPerry,376801102416184,Rep.ScottPerry,UCzgrU5PT_HHRgf5hXPen4dQ,RepScottPerry,519463466,repscottperry
R000599,1089859058,CongressmanRuiz,245244468941114,CongressmanRaulRuizMD,UCSDk-cyNPCo1iy6rweSPmBw,repraulruiz,,
S000018,1072382221,RepMattSalmon,149561218527414,RepMattSalmon,UCDzGvCYeZMWvULdQIaWQung,repmattsalmon,,
C001094,1074412920,RepPaulCook,464458413604093,RepPaulCook,UCqK--hf5cuvg7BR_oisyRiA,RepPaulCook,,
C001096,1048784496,RepKevinCramer,498751820147706,CongressmanKevinCramer,UCqUPdO9XaAW-dvwwXKbIVdA,kevincramer,,
C001092,1058256326,RepChrisCollins,467047586692268,RepChrisCollins,UCSwQQJaKI4TzuYDUwHwwnxQ,RepChrisCollins,379808544,repchriscollins
W000812,1051446626,RepAnnWagner,215485388588143,RepAnnWagner,UCy2v2DXXvQnbRc8Zx77Dnsg,,,
W000817,970207298,SenWarren,131559043673264,senatorelizabethwarren,UCTH9zV8Imw09J5bOoTR18_A,senelizabethwarren,,
K000368,1090002997,RepKirkpatrick,152493768236405,RepKirkpatrick,UCBaTLi-KBQ9SW3R0setKu0g,repannkirkpatrick,,
D000619,993153006,RodneyDavis,323631667743052,RepRodneyDavis,UCiGPTfpwRxqQp0Bam5S8zwA,RepRodneyDavis,,
S001192,1072008757,RepChrisStewart,242042855928904,RepChrisStewart,UCKYqzTvmQVWys-WhrCkbyPw,repchrisstewart,,repChrisStewart
B001282,1089334250,RepAndyBarr,457461137635018,RepAndyBarr,UCVL2s6x7f7H0ZJ-uwU0pQ6Q,RepAndyBarr,,
C001098,1074480192,SenTedCruz,315496455229328,SenatorTedCruz,UCOTZ-6H1rri1lSsj6IzhUyw,sentedcruz,,
D000096,789244177,RepDannyDavis,280757931935749,280757931935749,UCdhrT09_XMr31tuI8OcKsjQ,dannykdavis07,,
M001191,1128781184,RepMurphyFL,317735028342371,CongressmanPatrickMurphy,UCcsbPwHksrcVLP5TZH0qkAQ,RepPatrickMurphyFL,,PatrickMurphyFL
G000546,29766367,RepSamGraves,118514606128,118514606128,,,,
B001283,1092757885,RepJBridenstine,460003650715961,CongressmanJimBridenstine,UC4uUpWvIK-fiOfTG_D3rX8g,RepJimBridenstine,295797332,repjbridenstine
B001230,1074518754,SenatorBaldwin,7357041101,TammyBaldwin,UC_XjYCRbbI2_TDDjJidwk0Q,witammybaldwin,,
W000810,,,172573036140374,RepRobWoodall,UC7MSlu8zV6Mf8wYzek2Cb-w,RobWoodallGA07,,
W000816,1077446982,RepRWilliams,322383274535068,RepRogerWilliams,UCBtfmMMQarjtLB9U_pWMOhw,,,
D000598,432771620,RepSusanDavis,103767526332478,RepSusanDavis,,,,
D000622,1058520120,RepDuckworth,112300955610529,CongresswomanTammyDuckworth,UCYRWRvUxtjaHnFMCbdd94tg,repduckworth,1387939090,repduckworth
O000170,1134292500,RepBetoORourke,460776160654909,betoorourketx16,UClxfjz6tgqTbwYwQNy0VURg,betoorourketx16,,
F000463,1071402577,SenatorFischer,531623656856934,senatordebfischer,UCrbEfZaG_WhB0PBHI1hefPQ,senatordebfischer,,
H001068,1071102246,RepHuffman,200227780116038,RepHuffman,UCJU6SP1ppp1ZhSiqZLiFgDA,rephuffman,,
H001069,1061029050,SenatorHeitkamp,501810613175643,SenatorHeidiHeitkamp,UCsIiu6s5KJ_VYzpT_b1Jh4g,senatorheidiheitkamp,1146260729,senatorheitkamp
H001052,960962340,RepAndyHarrisMD,508912729153334,AndyHarrisMD,UCvUuV7FiJfJi1yux4qozgMg,RepAndyHarris,,
P000604,1155335864,RepDonaldPayne,360976767343741,DonaldPayneJr,,,,
P000608,1135486501,RepScottPeters,449337038470352,CongressmanScottPeters,UCQK77QJxW7Xr-S3zqeMd-0g,,,
R000598,1155212191,KeithRothfus,133803223451004,keithrothfus,UCPe5SCZKXEyUAMNUprj46Pg,reprothfus,,
C001091,231510077,JoaquinCastrotx,326420614138023,326420614138023,UCsRxWnFdRiV2od1O5v5nEeQ,JoaquinCastroTX,378492005,joaquincastrotx
W000815,518644221,RepBradWenstrup,124462944390458,RepBradWenstrup,UCaK7SeUvmHdHTMtF3HXb-jA,repbradwenstrup,305496379,repbradwenstrup
V000129,1128514404,RepDavidValadao,105596689621089,CongressmanDavidValadao,UCWqOVVxQd6IV4mfYMi95LqA,congressmanvaladao,,
S001191,1080844782,RepSinema,233846963416149,CongresswomanSinema,UC4NzhW7D4lQdukSGWmFnK9w,repsinema,,
V000127,,,,,UCUZnGspUWNGGbK3FTdrciLA,SenatorVitter,,
C001075,,,,,UCCEyGhUzxgkxFzWCY-rxz8g,SenatorBillCassidy,,
F000372,1382011333,USRepRodney,191509977669708,rfrelinghuysen,UCePp5KwEKTtu3GM6gkVIkmg,RepFrelinghuysen,,
F000457,,,,,UCMFNp5ybWmz6IlSXmPacTOw,SenatorFranken,,
G000558,1908143071,RepGuthrie,,,UCdJhDw-YbdH0RHfWK0sIfiw,BrettGuthrie,,
L000578,1069124515,RepLaMalfa,,RepLaMalfa,UCUzz1XDn862fxirervSB2Yw,RepLaMalfa,,
C001066,1880674038,USRepKCastor,181810465190906,USRepKathyCastor,UC_irxhmLqVenTFPxDxznG6g,RepKathyCastor,,
K000367,,,,,UCvdeJsDsV51tFb_hVqvtYGA,senatorklobuchar,,
I000055,78403308,SenatorIsakson,,,UCO80zDwuLZHtGr-KOfl_XCQ,SenatorIsakson,,
C001097,1222257180,RepCardenas,485493954794945,repcardenas,UCm6ug1-yvYGL0F6DvYxfFBA,repcardenas,1483357690,repcardenas
W000799,1262814457,RepTimWalz,,,UCAaYwb6XgcSVZ-5s3ei2g6g,1529tjw,,
P000607,1206227149,RepMarkPocan,436881033058309,repmarkpocan,UCz5b47WER_u3dUGV_Zi70dQ,repmarkpocan,1422301608,repmarkpocan
V000130,1260172386,RepJuanVargas,176942192453747,RepJuanVargas,UCpMthf8y7bEMJH_td0dznRQ,RepJuanVargas,,
K000384,1267940407,SenKaineOffice,482778861771212,SenatorKaine,UC27LgTZlUnBQoNEQFZdn9LA,SenatorTimKaine,,
S001194,1262099252,SenBrianSchatz,357806137657533,SenBrianSchatz,UC8-mSYp2WqBiB_5iwtwKfow,senbrianschatz,,
S001168,364415553,RepSarbanes,,RepSarbanes,,,,
B001285,1243902714,JuliaBrownley26,330504617051234,RepJuliaBrownley,UCFrC4Ouk5R6xQztS9PZin_A,RepJuliaBrownley,,
M001184,975200486,RepThomasMassie,452480994776070,RepThomasMassie,UCpmXOtvvXC3GE8o9VxYNK7g,repthomasmassie,,
K000385,1339931490,RepRobinKelly,150380975141321,reprobinkelly,UCLhcNPX2nNQLNzwKW0nEykg,,,
G000555,,,,,UCVEloQogVsmnkd5vxJInmYg,KirstenEGillibrand,,
R000584,1096059529,SenatorRisch,,,UCncKW8xyT5UbPNO27YuQnBA,SenatorJamesRisch,,
B001281,1531521632,RepBeatty,,RepJoyceBeatty,UCtVl3kb7Xvt3pY7l6x-M6LA,,554027718,repbeatty
S000051,1499993378,RepSanfordSC,118387985037658,RepSanfordSC,UCS33edNAxXe2pyFbnUUcZWA,RepSanfordSC,,
S001195,1623308912,RepJasonSmith,544741092252764,repjasonsmith,UCzj9-27Lr4gcqopmZAobXXg,RepJasonSmith,,
S000522,1289319271,RepChrisSmith,371621772908416,RepChrisSmith,UCtCNUDo3-I1gsd_03ppDfZg,USRepChrisSmith,,
M001169,150078976,ChrisMurphyCT,19437978960,chrismurphyct,UCbcEa40PIFpLpdDe06n3F3Q,senchrismurphy,,
B001288,2167097881,SenBookerOfc,,,UC6FlymqNS1VettnVZa7goPA,SenCoryBooker,,
C001101,2293131060,RepKClark,1408040802774787,CongresswomanClark,UCgaI52w7QKI8LtkSeCCmSuw,,,
B001289,2253968388,RepByrne,1374832002773142,RepByrne,UCRUXmqQbrKo0T6xi_GT7TEA,,944262792,repbyrne
J000296,2482022082,USRepDavidJolly,712496765463007,repdavidjolly,UCmZt80RWeJF6F-cBw7zjP0g,,,
G000556,,,,,UCWjNmgE01hGoME_jkj6VpRQ,,,
N000189,2930635215,RepNewhouse,,RepNewhouse,,,,
J000297,2953713339,RepEvanJenkins,,RepEvanJenkins,,,,RepEvanJenkins
R000601,2847221717,RepRatcliffe,,RepRatcliffe,,,1679501092,rep_ratcliffe
L000583,2914163523,RepLoudermilk,,reploudermilk,,,,
C001103,2973870195,RepBuddyCarter,,congressmanbuddycarter,,,,
C001107,2853309155,RepCurbelo,,repcurbelo,,,,
M001193,2962994194,RepTomMacArthur,,CongressmanTomMacArthur,,,,
B001295,2964877294,RepBost,,RepBost,,,,
G000570,236960387,RepFrankGuinta,,repfrankguinta,,,,
A000370,2916086925,RepAdams,,CongresswomanAdams,,,,
C001105,2933760046,RepComstock,,RepBarbaraComstock,,,,
A000373,2964351843,RepBradAshford,,RepBradAshford,,,,
P000611,2932617195,RepPoliquin,,RepPoliquin,,,,
M001194,2696643955,RepMoolenaar,,RepMoolenaar,,,,
S001196,2962813893,RepStefanik,,RepEliseStefanik,,,,
C001106,2953922782,RepRyanCostello,,CongressmanRyanCostello,,,,RepRyanCostello
R000603,834069080,RepDavidRouzer,,1579216395649220,,,,
P000609,2861616083,USRepGaryPalmer,,USRepresentativeGaryPalmer,,,1551536636,usrepgarypalmer
M001197,2964949642,RepMcSally,,RepMcSally,,,,
E000294,2914515430,RepTomEmmer,,reptomemmer,,,1565640999,reptomemmer
R000604,,,,reprussell,,,,
A000374,2962891515,RepAbraham,,CongressmanRalphAbraham,,,,
Y000066,314205957,RepDavidYoung,,RepDavidYoung,,,,
Z000017,2750127259,RepLeeZeldin,,RepLeeZeldin,,,,
G000575,2962681881,RepGwenGraham,,repgwengraham,,,,
K000386,2966765501,RepJohnKatko,,RepJohnKatko,,,,
Z000018,2953494478,RepRyanZinke,,CongressmanRyanZinke,,,,
W000821,2852998461,RepWesterman,,RepWesterman,,,,
H001072,2953974395,RepFrenchHill,,RepFrenchHill,,,,
B001291,2929491549,RepBrianBabin,,RepBrianBabin,,,,
M001195,2964526557,RepAlexMooney,,CongressmanAlexMooney,,,,
T000475,2869746172,repdavetrott,,CongressmanDaveTrott,,,,
B001297,2862577383,RepKenBuck,,repkenbuck,,,,
B001294,2965083477,RepRodBlum,,congressmanrodblum,,,,
B001293,2914571740,RepMikeBishop,,RepMikeBishop,,,,
R000602,2970462034,RepKathleenRice,,RepKathleenRice,,,,
C001102,2730150631,RepCurtClawson,,RepCurtClawson,,,,
D000624,2970279814,RepDebDingell,,RepDebbieDingell,,,,
T000474,236279233,NormaJTorres,,RepNormaTorres,,,,
S001197,2962923040,SenSasse,,SenatorSasse,,,1636974433,senatorsasse
K000387,2974648323,SteveKnight25,,RepresentativeSteveKnight,,,,
S001198,2891210047,SenDanSullivan,,SenDanSullivan,,,1660873387,sen_dansullivan
L000584,2976598347,repmialove,,repmialove,,,,
A000372,2964287128,reprickallen,,CongressmanRickAllen,,,1666787116,reprickallen
R000605,2955485182,SenatorRounds,,SenatorMikeRounds,,,,
W000820,47798449,RepMimiWalters,,RepMimiWalters,,,301820337,rep_mimiwalters
B001296,231108733,RepBrendanBoyle,,CongressmanBoyle,,,,
H001071,2975091705,congressmanhice,,CongressmanJodyHice,,,,
A000371,3018670151,reppeteaguilar,,reppeteaguilar,,,,
G000574,2966570782,RepRubenGallego,,RepRubenGallego,,,,
P000612,2863210809,sendavidperdue,,SenatorDavidPerdue,,,1650058430,sendavidperdue
P000610,2724095695,staceyplaskett,,repstaceyplaskett,,,,
W000822,2968451607,RepBWColeman,,RepBonnieWatsonColeman,,,,
H001073,2963445730,hurdonthehill,,HurdOnTheHill,,,,
L000582,3044993235,RepTedLieu,,RepTedLieu,,,,
G000577,2951574214,RepGarretGraves,,CongressmanGarretGraves,,,,
D000623,2968007206,RepDeSaulnier,,RepMarkDeSaulnier,,,,
T000473,2975350155,RepMarkTakai,,repmarktakai,,,1664061527,repmarktakai
W000819,2966205003,RepMarkWalker,,RepMarkWalker,,,1638422078,repmarkwalker
M001196,3091316093,teammoulton,,CongressmanSethMoulton,,,,
B001292,2962868158,repdonbeyer,,repdonbeyer,,,,
G000576,2976606250,RepGrothman,,RepGrothman,,,,
N000188,3122099613,Donald_Norcross,,DonaldNorcrossNJ,,,,
L000581,2863006655,RepLawrence,,395759603917487,,,,
B001290,2560169238,RepDaveBrat,,RepDaveBrat,,,,
K000388,3317799825,reptrentkelly,,reptrentkelly,,,,
D000613,245408102,RepDold,,RepDold,,,,
